Symbol,Category,Name,Price,RiseFall,Change,ChangeRate,NAV,EarningRate,Volume,Amount,MarCap
459580,6,KODEX CD금리액티브(합성),1057650,2,85,0.01,1057685.0,0.837,223630,236521,94915
357870,6,TIGER CD금리투자KIS(합성),55435,2,10,0.02,55431.0,0.8459,204115,11314,67067
360750,4,TIGER 미국S&P500,21155,5,-80,-0.38,21199.0,12.1448,4850069,102458,64248
069500,1,KODEX 200,31865,5,-465,-1.44,31949.0,-7.3612,6878013,218953,55126
423160,6,KODEX KOFR금리액티브(합성),109005,2,30,0.03,108991.0,0.8371,34126,3719,43913
133690,4,TIGER 미국나스닥100,135730,5,-1160,-0.85,136341.0,15.8333,362173,49103,43216
488770,7,KODEX 머니마켓액티브,101465,2,30,0.03,101466.0,0.925,66122,6708,40015
449170,6,TIGER KOFR금리액티브(합성),107520,2,25,0.02,107521.0,0.8252,99963,10748,34792
381170,4,TIGER 미국테크TOP10 INDXX,24895,5,-145,-0.58,25043.0,22.575,2435171,60660,30795
379800,4,KODEX 미국S&P500TR,19405,5,-75,-0.39,19445.0,12.2,2582821,50038,29728
273130,6,KODEX 종합채권(AA-이상)액티브,115985,5,-175,-0.15,116102.0,1.4431,79425,9219,28859
381180,4,TIGER 미국필라델피아반도체나스닥,18610,5,-270,-1.43,18732.0,4.7683,1098660,20441,25784
122630,3,KODEX 레버리지,13775,5,-410,-2.89,13869.0,-16.0829,22794793,313673,21847
278530,1,KODEX 200TR,11185,5,-165,-1.45,11200.0,-7.3323,279532,3116,21425
455890,6,RISE 머니마켓액티브,53425,2,10,0.02,53426.0,0.9161,328302,17540,20710
310970,1,TIGER MSCI Korea TR,13300,5,-255,-1.88,13359.0,-9.7081,4386,58,19418
458730,4,TIGER 미국배당다우존스,12565,5,-70,-0.55,12533.0,5.757,1632455,20448,18659
102110,1,TIGER 200,31925,5,-445,-1.37,31993.0,-7.4155,1945568,62011,18309
481050,6,KODEX 1년은행양도성예금증서+액티브(합성),1023815,2,90,0.01,1023819.0,0.8198,4952,5069,18054
371460,4,TIGER 차이나전기차SOLACTIVE,9370,5,-65,-0.69,9439.0,38.8148,826052,7780,17840
453850,6,ACE 미국30년국채액티브(H),7925,5,-55,-0.69,7900.0,-11.2045,2616932,20740,17522
379810,4,KODEX 미국나스닥100TR,20355,5,-195,-0.95,20455.0,15.9498,1958258,39839,16813
214980,6,KODEX 단기채권PLUS,112945,3,0,0.0,112944.0,0.8707,68687,7756,16475
233740,3,KODEX 코스닥150레버리지,6345,5,-305,-4.59,6357.0,-26.52,37916522,244208,15888
360200,4,ACE 미국S&P500,21385,5,-65,-0.3,21434.0,12.1747,850816,18168,15761
385540,6,RISE 종합채권(A-이상)액티브,107815,5,-125,-0.12,107696.0,1.6547,7176,773,13390
453540,6,TIGER 25-10 회사채(A+이상)액티브,54060,2,5,0.01,54054.0,0.9618,103970,5620,12993
252670,3,KODEX 200선물인버스2X,2610,2,75,2.96,2602.0,15.7427,113219652,295845,12585
367380,4,ACE 미국나스닥100,23320,5,-210,-0.89,23431.0,15.893,1201589,28003,12290
229200,1,KODEX 코스닥150,10975,5,-270,-2.4,10976.0,-12.8969,7083147,78231,11381
476550,6,TIGER 미국30년국채커버드콜액티브(H),8575,5,-65,-0.75,8553.0,-10.3128,1750068,15017,11173
148020,1,RISE 200,32120,5,-470,-1.44,32180.0,-7.307,332939,10664,10680
475630,7,TIGER CD1년금리액티브(합성),1031950,2,115,0.01,1031946.0,0.8462,21215,21892,10466
477080,6,RISE CD금리액티브(합성),102645,2,5,0.0,102608.0,0.8449,4074,418,10343
102780,2,KODEX 삼성그룹,8040,5,-75,-0.92,8064.0,-13.9647,203118,1625,10074
491080,6,KODEX 25-12 은행채(AAA)액티브,101155,5,-5,0.0,101155.0,0.9077,630,63,9563
476810,6,KODEX 25-11 은행채(AA-이상)PLUS액티브,10380,2,10,0.1,10378.0,1.071,28844,299,9421
494900,6,TIGER 25-12 금융채(AA-이상),50335,3,0,0.0,50331.0,,1358,68,8839
305540,2,TIGER 2차전지테마,15365,5,-415,-2.63,15418.0,-24.086,528474,8228,8835
305720,2,KODEX 2차전지산업,12545,5,-280,-2.18,12576.0,-25.1938,1152068,14623,8819
458760,4,TIGER 미국배당다우존스타겟커버드콜2호,10725,5,-60,-0.56,10694.0,6.104,866568,9264,8687
436140,6,SOL 종합채권(AA-이상)액티브,112555,5,-190,-0.17,112573.0,1.5518,13,1,8294
278540,1,KODEX MSCI Korea TR,10635,5,-140,-1.3,10631.0,-9.219,8060,85,8210
368590,4,RISE 미국나스닥100,22580,5,-195,-0.86,22688.0,15.8186,674527,15219,8061
157450,6,TIGER 단기통안채,109135,3,0,0.0,109133.0,0.7617,22730,2480,7788
446720,4,SOL 미국배당다우존스,11540,5,-60,-0.52,11513.0,5.8618,466248,5363,7489
315930,2,KODEX Top5PlusTR,20475,5,-265,-1.28,20482.0,-5.2742,11385,231,7289
453870,4,TIGER 인도니프티50,13735,5,-20,-0.15,13736.0,-0.1745,467602,6411,7197
457480,4,ACE 테슬라밸류체인액티브,18710,5,-390,-2.04,18981.0,63.1211,3070752,57598,7166
356540,6,ACE 종합채권(AA-이상)KIS액티브,106045,5,-125,-0.12,106117.0,1.3669,5898,625,7135
292150,2,TIGER TOP10,10530,5,-120,-1.13,10517.0,-6.4915,86025,899,6908
153130,6,KODEX 단기채권,111905,2,15,0.01,111904.0,0.7835,14512,1623,6859
294400,1,KOSEF 200TR,40635,5,-620,-1.5,40724.0,-7.3424,117697,4773,6806
379780,4,RISE 미국S&P500,18520,5,-65,-0.35,18553.0,12.1744,525978,9723,6760
451540,6,TIGER 종합채권(AA-이상)액티브,55650,5,-25,-0.04,55580.0,1.6995,17720,985,6303
458250,6,TIGER 미국30년국채스트립액티브(합성 H),40515,5,-555,-1.35,40708.0,-16.1701,241853,9811,6294
329750,6,TIGER 미국달러단기채권액티브,13230,2,5,0.04,13235.0,10.2959,254545,3365,6286
314250,4,KODEX 미국빅테크10(H),46525,5,-240,-0.51,46766.0,13.5587,117662,5478,5969
196230,6,RISE 단기통안채,113805,3,0,0.0,113819.0,0.7658,16125,1835,5966
411060,5,ACE KRX금현물,17265,2,105,0.61,17326.0,8.9274,844069,14549,5887
371160,4,TIGER 차이나항셍테크,7205,3,0,0.0,7220.0,31.4781,709775,5104,5638
402970,4,ACE 미국배당다우존스,12720,5,-85,-0.66,12691.0,5.9558,734554,9310,5559
329200,2,TIGER 리츠부동산인프라,3995,5,-30,-0.75,3981.0,-13.472,1125376,4509,5555
456610,6,TIGER 미국달러SOFR금리액티브(합성),58910,5,-5,-0.01,58916.0,10.546,21479,1264,5492
152100,1,PLUS 200,32395,5,-450,-1.37,32462.0,-7.3397,117251,3790,5426
486290,4,TIGER 미국나스닥100타겟데일리커버드콜,10380,5,-110,-1.05,10437.0,15.1158,973705,10114,5387
396500,2,TIGER Fn반도체TOP10,8970,5,-240,-2.61,8961.0,-8.9341,407659,3651,5319
114800,3,KODEX 인버스,4825,2,70,1.47,4811.0,8.5489,12661451,61086,5303
465580,4,ACE 미국빅테크TOP7 Plus,18335,5,-90,-0.49,18433.0,23.7179,778670,14282,5198
139260,2,TIGER 200 IT,26160,5,-485,-1.82,26135.0,-14.311,11050,288,5096
390390,4,KODEX 미국반도체MV,23550,5,-345,-1.44,23762.0,7.7901,162052,3818,5075
272580,6,TIGER 단기채권액티브,54985,2,5,0.01,54978.0,0.8528,13788,758,5069
481060,6,KODEX 미국30년국채타겟커버드콜(합성 H),9215,5,-85,-0.91,9216.0,-10.4471,753644,6955,4898
453810,4,KODEX 인도Nifty50,14025,5,-20,-0.14,14035.0,-0.4896,278038,3895,4888
469830,6,SOL 초단기채권액티브,52380,2,5,0.01,52380.0,0.954,108528,5684,4807
091180,2,KODEX 자동차,17990,5,-295,-1.61,18044.0,-6.0084,121691,2192,4758
114260,6,KODEX 국고채3년,61645,5,-30,-0.05,61669.0,0.9084,25752,1587,4611
439870,6,KODEX 국고채30년액티브,119815,5,-685,-0.57,119868.0,3.4939,15193,1822,4596
474220,4,TIGER 미국테크TOP10타겟커버드콜,14535,2,45,0.31,14581.0,23.9976,386533,5613,4557
477050,6,PLUS 머니마켓액티브,51440,2,10,0.02,51440.0,0.9122,1509,77,4539
091160,2,KODEX 반도체,28145,5,-780,-2.7,28129.0,-8.7535,389975,10985,4475
161510,2,PLUS 고배당주,14605,5,-180,-1.22,14587.0,-3.2526,325669,4753,4469
455030,6,KODEX 미국달러SOFR금리액티브(합성),12200,2,5,0.04,12202.0,10.7078,199567,2431,4460
462010,2,TIGER 2차전지소재Fn,4130,5,-115,-2.71,4139.0,-27.5439,1143900,4797,4392
466920,2,SOL 조선TOP3플러스,14525,2,80,0.55,14579.0,14.0557,1882545,27451,4328
293180,1,HANARO 200,31985,5,-470,-1.45,32057.0,-7.3758,59196,1884,4078
449180,4,KODEX 미국S&P500(H),13615,5,-50,-0.37,13658.0,2.2838,180800,2460,4010
148070,6,KOSEF 국고채10년,117445,5,-495,-0.42,117514.0,0.6513,16554,1945,3981
251350,4,KODEX 선진국MSCI World,30700,5,-430,-1.38,30806.0,9.14,40134,1233,3807
446770,4,ACE 글로벌반도체TOP4 Plus SOLACTIVE,24870,5,-440,-1.74,25004.0,7.7043,54093,1346,3731
226490,1,KODEX 코스피,24590,5,-360,-1.44,24613.0,-7.1024,551524,13569,3713
441680,7,TIGER 미국나스닥100커버드콜(합성),11300,5,-65,-0.57,11378.0,13.0904,662241,7488,3684
471230,6,KODEX 국고채10년액티브,111595,5,-490,-0.44,111661.0,0.5994,36745,4110,3635
105190,1,ACE 200,32230,5,-510,-1.56,32369.0,-7.6372,8152,262,3610
069660,1,KOSEF 200,31815,5,-475,-1.47,31894.0,-7.4015,62381,1978,3579
472870,6,RISE 미국30년국채엔화노출(합성 H),8470,5,-160,-1.85,8479.0,-13.2173,1247097,10539,3553
483280,4,KODEX 미국AI테크TOP10타겟커버드콜,11650,5,-25,-0.21,11710.0,21.6964,640385,7457,3495
454780,6,히어로즈 종합채권(AA-이상)액티브,110415,2,20,0.02,110207.0,1.6478,1,0,3421
385560,6,RISE KIS국고채30년Enhanced,81580,5,-700,-0.85,81612.0,4.2023,56583,4635,3386
448290,4,TIGER 미국S&P500TR(H),14105,5,-40,-0.28,14139.0,2.5445,234125,3298,3336
302190,6,TIGER 중장기국채,52340,5,-130,-0.25,52341.0,0.741,9391,492,3318
449190,4,KODEX 미국나스닥100(H),16505,5,-135,-0.81,16594.0,5.7267,448712,7408,3210
091170,2,KODEX 은행,8295,5,-115,-1.37,8294.0,-2.4577,355205,2941,3194
491610,6,1Q CD금리액티브(합성),100860,2,15,0.01,100710.0,,714,72,3164
473290,6,KODEX 26-12 회사채(AA-이상)액티브,10595,2,15,0.14,10578.0,1.2422,42764,452,3144
364980,2,TIGER 2차전지TOP10,8590,5,-200,-2.28,8591.0,-23.3378,7289841,63486,3131
447770,7,TIGER 테슬라채권혼합Fn,14600,5,-85,-0.58,14622.0,23.9388,704964,10278,3103
479080,6,1Q 머니마켓액티브,51465,2,10,0.02,51462.0,0.9117,25364,1305,3084
484790,6,KODEX 미국30년국채액티브(H),9230,5,-70,-0.75,9203.0,-10.5967,946902,8745,3071
304660,6,KODEX 미국30년국채울트라선물(H),7600,5,-35,-0.46,7588.0,-10.7982,251078,1904,2972
439860,6,KODEX ESG종합채권(A-이상)액티브,113075,5,-130,-0.11,113083.0,1.2128,2,0,2917
476450,6,히어로즈 머니마켓액티브,51590,2,5,0.01,51598.0,0.8405,43427,2240,2892
489250,4,KODEX 미국배당다우존스,10780,5,-55,-0.51,10757.0,5.8835,861899,9250,2889
394660,4,TIGER 글로벌자율주행&전기차SOLACTIVE,10990,5,-115,-1.04,11059.0,11.2348,34682,382,2853
456600,4,TIMEFOLIO 글로벌AI인공지능액티브,25225,5,-575,-2.23,25407.0,28.2409,243519,6163,2780
467940,6,KODEX 25-11 회사채(A+이상)액티브,10705,2,5,0.05,10703.0,0.8478,14398,154,2737
251340,3,KODEX 코스닥150선물인버스,4280,2,100,2.39,4288.0,13.6786,33731864,143308,2641
451000,6,PLUS 종합채권(AA-이상)액티브,113010,5,-145,-0.13,113169.0,1.4088,10,1,2592
143860,2,TIGER 헬스케어,35200,5,-550,-1.54,35263.0,-12.3179,67003,2364,2563
463290,6,1Q 단기금융채액티브,105865,2,10,0.01,105866.0,0.867,6263,663,2531
394670,4,TIGER 글로벌리튬&2차전지SOLACTIVE(합성),6665,5,-30,-0.45,6774.0,21.4025,53750,359,2527
480260,6,TIGER 27-04회사채(A+이상)액티브,51990,5,-30,-0.06,51994.0,1.1183,13186,685,2449
241180,4,TIGER 일본니케이225,21595,5,-305,-1.39,21589.0,2.3459,50338,1094,2397
487340,6,ACE CD금리&초단기채권액티브,101790,2,10,0.01,101792.0,0.942,29915,3044,2356
475720,3,RISE 200위클리커버드콜,8300,5,-155,-1.83,8304.0,-8.1452,830170,6895,2328
200250,4,KOSEF 인도Nifty50(합성),25705,5,-5,-0.02,25732.0,-1.2865,49791,1280,2313
479520,6,RISE KOFR금리액티브(합성),102280,2,25,0.02,102244.0,0.8231,2063,210,2296
245710,4,ACE 베트남VN30(합성),21180,5,-65,-0.31,21445.0,3.317,36973,782,2287
438330,6,TIGER 투자등급회사채액티브,114340,5,-90,-0.08,114352.0,1.1724,2275,260,2286
466940,2,TIGER 은행고배당플러스TOP10,13660,5,-210,-1.51,13660.0,-1.9946,395060,5393,2281
487230,4,KODEX 미국AI전력핵심인프라,12545,2,100,0.8,12587.0,21.3249,202051,2540,2277
482730,4,TIGER 미국S&P500타겟데일리커버드콜,11215,5,-25,-0.22,11236.0,12.3184,293587,3286,2260
449450,2,PLUS K방산,17610,5,-100,-0.56,17666.0,-2.9753,215902,3826,2245
475080,7,KODEX 테슬라커버드콜채권혼합액티브,9975,2,35,0.35,10006.0,9.9052,255881,2549,2214
365780,6,ACE 국고채10년,92370,5,-385,-0.42,92389.0,0.6263,6413,593,2183
448300,4,TIGER 미국나스닥100TR(H),16990,5,-150,-0.88,17074.0,5.8237,477332,8100,2166
452360,4,SOL 미국배당다우존스(H),11070,5,-70,-0.63,11041.0,-3.3357,404372,4467,2159
426030,4,TIMEFOLIO 미국나스닥100액티브,26525,5,-445,-1.65,26656.0,33.2914,351494,9329,2127
423920,4,TIGER 미국필라델피아반도체레버리지(합성),23400,5,-680,-2.82,23686.0,7.187,115773,2707,2106
455850,2,SOL AI반도체소부장,9380,5,-335,-3.45,9370.0,-14.2988,86502,820,2092
488980,6,SOL 26-12 회사채(AA-이상)액티브,50620,5,-15,-0.03,50645.0,,14093,713,2080
361580,1,RISE 200TR,17595,5,-260,-1.46,17620.0,-7.3704,23290,409,2076
488500,4,TIGER 미국S&P500동일가중,10675,5,-85,-0.79,10720.0,6.5794,148561,1581,2066
388420,2,RISE 비메모리반도체액티브,9135,5,-205,-2.19,9120.0,-6.9756,57090,520,2035
290130,2,RISE ESG사회책임투자,11930,5,-125,-1.04,11929.0,-6.4681,479,5,2010
466950,4,TIGER 글로벌AI액티브,17900,5,-105,-0.58,18013.0,24.565,130057,2325,1996
372330,4,KODEX 차이나항셍테크,7170,2,20,0.28,7183.0,31.6804,99303,710,1990
143850,4,TIGER 미국S&P500선물(H),63410,5,-250,-0.39,63462.0,1.798,17172,1087,1982
091230,2,TIGER 반도체,28950,5,-885,-2.97,29019.0,-9.1794,46672,1354,1969
473330,6,SOL 미국30년국채커버드콜(합성),9915,5,-80,-0.8,9890.0,-0.2516,533482,5288,1968
438080,7,ACE 미국S&P500채권혼합액티브,12960,2,30,0.23,12941.0,10.8639,203403,2633,1944
495850,1,KODEX 코리아밸류업,9255,5,-140,-1.49,9263.0,,556563,5127,1944
367770,2,RISE 수소경제테마,8190,5,-130,-1.56,8186.0,-10.6871,22569,185,1916
472160,4,TIGER 미국테크TOP10 INDXX(H),15105,5,-100,-0.66,15183.0,12.3048,583658,8822,1873
228790,2,TIGER 화장품,2630,5,-45,-1.68,2627.0,-13.3444,1471207,3897,1861
329650,7,KODEX TRF3070,13435,5,-50,-0.37,13421.0,3.9056,49859,669,1827
456880,7,ACE 미국달러SOFR금리(합성),11945,2,15,0.13,11923.0,10.6018,28817,343,1825
409820,4,KODEX 미국나스닥100레버리지(합성 H),12085,5,-265,-2.15,12233.0,10.2143,241314,2922,1801
273140,6,KODEX 단기변동금리부채권액티브,112810,2,25,0.02,112816.0,0.7772,1558,175,1789
462330,2,KODEX 2차전지산업레버리지,1290,5,-61,-4.52,1298.0,-47.347,8815488,11628,1776
192090,4,TIGER 차이나CSI300,10320,5,-70,-0.67,10381.0,29.0,80857,838,1760
476690,4,TIGER 글로벌비만치료제TOP2Plus,9880,5,-140,-1.4,9986.0,-12.7055,101988,1008,1734
395270,2,HANARO Fn K-반도체,8865,5,-155,-1.72,8864.0,-6.7824,29541,261,1733
132030,5,KODEX 골드선물(H),15795,5,-50,-0.32,15802.0,-0.8786,72800,1146,1722
458210,7,히어로즈 CD금리액티브(합성),105660,2,10,0.01,105623.0,0.8302,1624,171,1685
480020,4,ACE 미국빅테크7+데일리타겟커버드콜(합성),12205,5,-90,-0.73,12323.0,19.692,176785,2162,1684
272560,6,RISE 단기국공채액티브,111485,3,0,0.0,111468.0,0.8777,2560,285,1642
295040,1,SOL 200TR,11585,5,-195,-1.66,11641.0,-7.6157,2221,25,1633
490490,7,SOL 미국배당미국채혼합50,10380,5,-10,-0.1,10328.0,,372396,3849,1630
483230,6,RISE 25-06 은행채(AA+이상)액티브,50945,2,5,0.01,50941.0,0.8113,415,21,1616
305080,6,TIGER 미국채10년선물,12560,5,-50,-0.4,12597.0,3.7159,691993,8696,1608
479730,4,TIGER 인도빌리언컨슈머,10495,2,30,0.29,10522.0,-7.4679,72158,755,1590
261260,7,KODEX 미국달러선물인버스2X,5220,3,0,0.0,5229.0,-16.7465,1086194,5678,1586
448600,6,RISE 25-11 회사채(AA-이상)액티브,52645,2,15,0.03,52638.0,0.9066,7396,389,1555
494890,1,KODEX 200액티브,9140,5,-160,-1.72,9194.0,,572,5,1554
464930,4,TIGER 글로벌혁신블루칩TOP10,15930,5,-115,-0.72,16080.0,16.746,69557,1110,1553
481180,4,SOL 미국AI소프트웨어,13255,2,10,0.08,13304.0,22.0534,339192,4488,1544
458260,6,TIGER 미국투자등급회사채액티브(H),48470,5,-275,-0.56,48423.0,-5.0,30987,1503,1503
461490,7,RISE 글로벌자산배분액티브,12790,2,5,0.04,12766.0,6.2292,190363,2432,1496
451530,6,TIGER 국고채30년스트립액티브,60000,5,-495,-0.82,59980.0,5.1616,51731,3123,1489
461270,6,ACE 26-06 회사채(AA-이상)액티브,10870,3,0,0.0,10878.0,0.9285,20951,227,1488
414780,4,TIGER 차이나과창판STAR50(합성),8140,2,85,1.06,8275.0,65.6154,180681,1478,1486
363570,6,KODEX 장기종합채권(AA-이상)액티브,100310,5,-415,-0.41,100360.0,2.1903,1341,134,1482
472170,7,TIGER 미국테크TOP10채권혼합,13020,5,-65,-0.5,13033.0,9.3658,173247,2258,1471
435420,7,TIGER 미국나스닥100TR채권혼합Fn,12930,5,-50,-0.39,12949.0,4.9087,79154,1023,1468
497570,4,TIGER 미국필라델피아AI반도체나스닥,10505,5,-150,-1.41,10583.0,,1848690,19429,1465
448540,7,ACE 엔비디아채권혼합블룸버그,21825,5,-45,-0.21,21861.0,6.9852,118889,2591,1462
462540,6,SOL 25-09 회사채(AA-이상)액티브,53445,2,10,0.02,53438.0,0.8586,326,17,1453
182480,7,TIGER 미국MSCI리츠(합성 H),12495,5,-200,-1.58,12564.0,-9.4566,42443,530,1418
434060,7,KODEX TDF2050액티브,14215,5,-10,-0.07,14238.0,6.9762,104635,1485,1414
219480,4,KODEX 미국S&P500선물(H),26390,5,-170,-0.64,26454.0,1.774,65746,1734,1412
364960,2,TIGER BBIG,5980,5,-55,-0.91,5972.0,-5.8268,47072,281,1411
487240,2,KODEX AI전력핵심설비,9010,5,-225,-2.44,9042.0,5.0116,585870,5304,1406
480310,4,TIGER 글로벌온디바이스AI,10590,5,-110,-1.03,10624.0,8.6934,21042,222,1398
483320,4,ACE 엔비디아밸류체인액티브,9475,5,-205,-2.12,9516.0,10.7539,419539,3979,1393
277630,1,TIGER 코스피,24905,5,-320,-1.27,24902.0,-7.3337,50671,1258,1382
464540,6,RISE 25-03 회사채(AA-이상)액티브,51045,3,0,0.0,51038.0,0.8455,920,46,1375
244580,2,KODEX 바이오,7595,5,-160,-2.06,7600.0,-13.9377,332917,2547,1361
328370,1,PLUS 코스피TR,13030,5,-195,-1.47,13032.0,-7.1938,2263,29,1342
422420,2,RISE 2차전지액티브,6560,5,-130,-1.94,6550.0,-22.5502,705271,4636,1330
461460,6,PLUS 국고채10년액티브,54950,5,-250,-0.45,54955.0,0.5121,704,38,1297
309230,4,ACE 미국WideMoat동일가중,27470,5,-145,-0.53,27491.0,7.0788,26955,739,1297
461260,6,ACE 25-06 회사채(AA-이상)액티브,10730,2,5,0.05,10727.0,0.8458,12478,133,1287
476800,7,KODEX 한국부동산리츠인프라,4475,5,-35,-0.78,4467.0,-13.0224,910133,4089,1271
499660,7,TIGER CD금리플러스액티브(합성),1001125,2,100,0.01,1001121.0,,99577,99688,1251
492500,7,1Q 현대차그룹채권(A+이상)&국고통안,50325,5,-5,-0.01,50332.0,,108,5,1244
480030,4,ACE 미국500데일리타겟커버드콜(합성),10890,5,-25,-0.23,10945.0,12.3143,116503,1268,1231
433330,4,SOL 미국S&P500,17680,5,-50,-0.28,17713.0,12.2397,43237,762,1220
364970,2,TIGER 바이오TOP10,6885,5,-130,-1.85,6911.0,-14.9475,298553,2060,1215
282000,3,RISE 국고채3년선물인버스,109395,2,145,0.13,109318.0,0.7042,49,5,1213
438570,6,SOL 국고채10년,110100,5,-545,-0.49,110118.0,0.6766,171,18,1207
475260,6,ACE 2월만기자동연장회사채AA-이상액티브,10370,2,5,0.05,10374.0,0.7774,1718,17,1203
441640,4,KODEX 미국배당커버드콜액티브,11830,5,-45,-0.38,11851.0,9.4762,302897,3577,1201
461950,2,KODEX 2차전지핵심소재10,4240,5,-135,-3.09,4260.0,-27.2104,239231,1029,1200
481190,4,SOL 미국테크TOP10,13445,5,-60,-0.44,13513.0,22.9538,106882,1437,1197
455860,2,SOL 2차전지소부장Fn,3985,5,-120,-2.92,4005.0,-27.0147,161619,652,1192
496080,1,TIGER 코리아밸류업,9245,5,-155,-1.65,9283.0,,376867,3487,1183
326240,2,RISE IT플러스,14290,5,-295,-2.02,14326.0,-8.8358,16769,239,1163
490090,4,TIGER 미국AI빅테크10,11805,5,-40,-0.34,11881.0,19.002,260439,3076,1163
168580,4,ACE 중국본토CSI300,28355,2,75,0.27,28403.0,31.091,1894,53,1157
493810,4,TIGER 미국AI빅테크10타겟데일리커버드콜,11105,5,-5,-0.05,11164.0,,235101,2602,1149
494300,4,KODEX 미국나스닥100데일리커버드콜OTM,10615,5,-110,-1.03,10666.0,,1003438,10641,1146
304940,4,KODEX 미국나스닥100선물(H),24470,5,-225,-0.91,24594.0,5.4059,54990,1344,1138
483290,4,KODEX 미국배당다우존스타겟커버드콜,10530,5,-30,-0.28,10501.0,6.4388,154007,1616,1137
466400,6,1Q 25-08 회사채(A+이상)액티브,106935,3,0,0.0,106940.0,0.8345,2139,228,1130
437080,6,KODEX 미국종합채권ESG액티브(H),100685,5,-280,-0.28,100666.0,-3.4891,2679,269,1130
418660,4,TIGER 미국나스닥100레버리지(합성),25990,5,-520,-1.96,26238.0,33.3162,114991,2982,1118
453010,7,PLUS KOFR금리,106275,2,5,0.0,106279.0,0.7919,16311,1733,1107
412770,4,TIGER 글로벌메타버스액티브,11640,5,-80,-0.68,11705.0,23.6325,28557,330,1100
462900,2,KoAct 바이오헬스케어액티브,12270,5,-310,-2.46,12305.0,-17.346,137887,1705,1092
190620,6,ACE 단기통안채,103790,5,-10,-0.01,103802.0,0.7816,5191,538,1092
465780,6,마이티 26-09 특수채(AAA)액티브,107505,5,-60,-0.06,107498.0,1.1193,116,12,1086
275980,4,TIGER 글로벌4차산업혁신기술(합성 H),16610,5,-275,-1.63,16817.0,-0.8359,13079,217,1076
270810,1,RISE 코스닥150,10905,5,-250,-2.24,10881.0,-12.8298,86043,945,1075
465350,3,RISE 2차전지TOP10인버스(합성),35240,2,1010,2.95,35179.0,25.8571,272013,9418,1066
495710,6,BNK 26-06 특수채(AAA이상)액티브,50080,5,-15,-0.03,50079.0,,1,0,1059
245340,4,TIGER 미국다우존스30,30155,5,-40,-0.13,30179.0,10.2075,23325,701,1055
130730,6,KOSEF 단기자금,104940,2,15,0.01,104940.0,0.8069,4555,477,1055
232080,1,TIGER 코스닥150,11260,5,-275,-2.38,11244.0,-12.8146,166946,1889,1054
489870,6,히어로즈 25-09 회사채(AA-이상)액티브,50440,3,0,0.0,50454.0,,0,0,1049
157490,2,TIGER 소프트웨어,8000,5,-60,-0.74,8023.0,6.4537,159262,1274,1029
401470,2,KODEX K-메타버스액티브,6490,5,-120,-1.82,6511.0,2.3659,21147,137,1029
498180,6,파워 종합채권(AA-이상)액티브,100465,5,-330,-0.33,100662.0,,1,0,1017
472920,6,HK 종합채권(AA-이상)액티브,108885,5,-345,-0.32,109110.0,1.3307,549,59,1013
486450,4,SOL 미국AI전력인프라,12885,2,315,2.51,12906.0,30.349,208043,2672,1011
325020,2,KODEX 배당가치,13095,5,-125,-0.95,13136.0,-6.5311,32255,420,1008
204480,4,TIGER 차이나CSI300레버리지(합성),19385,5,-215,-1.1,19796.0,66.1808,7858,153,1000
401170,2,RISE 메타버스,5710,5,-130,-2.23,5715.0,1.6014,41608,238,999
283580,4,KODEX 차이나CSI300,12680,5,-115,-0.9,12771.0,30.0512,68729,874,995
476750,6,ACE 미국30년국채엔화노출액티브(H),9130,5,-150,-1.62,9094.0,-12.5898,243209,2211,995
441800,1,TIMEFOLIO Korea플러스배당액티브,12940,5,-155,-1.18,12926.0,-3.0494,71103,920,983
302450,1,RISE 코스피,24735,5,-480,-1.9,24858.0,-7.3631,840,20,977
485540,4,KODEX 미국AI테크TOP10,11540,3,0,0.0,11560.0,21.6529,192319,2214,975
451060,1,1Q K200액티브,10135,5,-130,-1.27,10166.0,-7.6959,20449,206,973
228800,2,TIGER 여행레저,2945,5,-35,-1.17,2944.0,-4.6926,145975,428,967
292560,7,TIGER 일본엔선물,8780,5,-75,-0.85,8777.0,-1.1818,200289,1751,966
468820,6,WON 25-09 회사채(AA-이상)액티브,53850,2,20,0.04,53840.0,0.9655,41163,2216,959
385550,6,RISE 단기종합채권(AA-이상)액티브,110740,3,0,0.0,110741.0,0.8469,399,44,956
461500,6,HANARO 종합채권(AA-이상)액티브,112275,5,-445,-0.39,112561.0,1.2809,289,32,952
463050,2,TIMEFOLIO K바이오액티브,10715,5,-295,-2.68,10768.0,-14.7235,150501,1623,948
471760,2,TIGER AI반도체핵심공정,7935,5,-285,-3.47,7937.0,-13.3734,106975,855,948
471990,2,KODEX AI반도체핵심장비,8100,5,-265,-3.17,8126.0,-15.5811,231225,1894,944
473440,6,ACE 11월만기자동연장회사채AA-이상액티브,10460,2,5,0.05,10458.0,0.8678,5341,55,938
438100,7,ACE 미국나스닥100채권혼합액티브,13525,5,-15,-0.11,13507.0,11.8693,172420,2329,933
429000,4,TIGER 미국S&P500배당귀족,12350,5,-110,-0.88,12322.0,3.3645,78086,960,932
473460,4,KODEX 미국서학개미,18815,5,-210,-1.1,18896.0,42.5378,557352,10476,922
332930,1,HANARO 200TR,40575,5,-705,-1.71,40780.0,-7.7002,133,5,913
419890,6,히어로즈 단기채권ESG액티브,109805,5,-15,-0.01,109797.0,0.984,43,4,911
445290,2,KODEX K-로봇액티브,11735,5,-220,-1.84,11736.0,-6.9021,28740,336,898
400970,2,TIGER Fn메타버스,6440,5,-145,-2.2,6474.0,2.1411,33900,220,895
465610,4,ACE 미국빅테크TOP7 Plus레버리지(합성),29795,5,-120,-0.4,29957.0,50.6319,67999,2017,894
228810,2,TIGER 미디어컨텐츠,5345,5,-170,-3.08,5334.0,28.4855,103538,557,890
114820,6,TIGER 국채3년,107290,5,-55,-0.05,107290.0,0.8943,1706,182,887
472150,2,TIGER 배당커버드콜액티브,9625,5,-175,-1.79,9673.0,-5.739,64920,623,868
486830,6,HANARO 머니마켓액티브,50820,2,10,0.02,50814.0,0.9234,1462,74,864
481430,6,RISE 국고채10년액티브,105410,5,-520,-0.49,105532.0,0.5388,21165,2239,857
480040,4,ACE 미국반도체데일리타겟커버드콜(합성),10010,5,-105,-1.04,10008.0,5.0257,86933,871,851
491230,6,PLUS 국공채머니마켓액티브,50540,3,0,0.0,50546.0,0.8983,54,2,850
449770,4,KOSEF 미국S&P500,17045,5,-55,-0.32,17078.0,12.4562,26178,445,835
476070,4,KODEX 글로벌비만치료제TOP2 Plus,10735,5,-100,-0.92,10890.0,-14.4895,43546,468,827
284430,6,KODEX 200미국채혼합,12645,5,-100,-0.78,12649.0,-1.0564,36130,457,819
139230,2,TIGER 200 중공업,5415,5,-10,-0.18,5410.0,6.5944,366932,1996,810
144600,5,KODEX 은선물(H),5240,5,-100,-1.87,5239.0,-7.3387,388343,2028,796
252710,3,TIGER 200선물인버스2X,2765,2,75,2.79,2759.0,15.6903,6770594,18777,791
475280,6,ACE 8월만기자동연장회사채AA-이상액티브,10355,5,-5,-0.05,10356.0,0.8276,154,1,790
325010,2,KODEX 성장주,13030,5,-260,-1.96,13106.0,-6.4945,47,0,782
452250,6,ACE 미국30년국채선물레버리지(합성 H),5730,5,-90,-1.55,5742.0,-22.1468,333047,1908,779
478150,4,TIMEFOLIO 글로벌우주테크&방산액티브,13255,3,0,0.0,13283.0,19.8462,64680,857,762
150460,2,TIGER 중국소비테마,5690,5,-50,-0.87,5786.0,-10.0396,6114,34,758
136340,6,RISE 중기우량회사채,106485,5,-15,-0.01,106481.0,0.9738,1451,154,757
266420,2,KODEX 헬스케어,15880,5,-265,-1.64,15905.0,-12.0953,23590,375,730
267770,3,TIGER 200선물레버리지,10500,5,-335,-3.09,10552.0,-16.5674,182163,1908,714
464240,6,히어로즈 26-09 회사채(AA-이상)액티브,52465,3,0,0.0,52453.0,1.1939,1257,65,714
174360,4,RISE 중국본토대형주CSI100,18700,5,-105,-0.56,18757.0,26.8226,1748,32,711
489030,2,PLUS 고배당주위클리커버드콜,9790,5,-155,-1.56,9774.0,-3.3469,446620,4369,710
476760,6,ACE 미국30년국채액티브,10115,5,-120,-1.17,10150.0,-3.2798,103444,1049,708
448330,1,KODEX 삼성전자채권혼합,10330,5,-50,-0.48,10362.0,-4.4669,70973,732,702
458750,4,TIGER 미국배당다우존스타겟커버드콜1호,11655,5,-60,-0.51,11635.0,6.1185,45493,528,699
412570,2,TIGER 2차전지TOP10레버리지,1440,5,-76,-5.01,1438.0,-44.4016,1835400,2688,698
463300,4,RISE 중국본토CSI300,10770,5,-90,-0.83,10990.0,28.2906,1539,16,689
414270,4,ACE 글로벌자율주행액티브,11780,5,-10,-0.08,11764.0,38.4253,105698,1243,671
225040,4,TIGER 미국S&P500레버리지(합성 H),45355,5,-235,-0.52,45379.0,3.8703,21273,960,662
236350,4,TIGER 인도니프티50레버리지(합성),44615,5,-210,-0.47,44644.0,-1.8804,4883,217,660
139280,2,TIGER 경기방어,9740,5,-145,-1.47,9767.0,-6.03,5868,57,656
195980,4,PLUS 신흥국MSCI(합성 H),9635,5,-60,-0.62,9717.0,-3.457,60298,582,653
497880,6,SOL CD금리&머니마켓액티브,50160,2,5,0.01,50156.0,,38587,1935,641
261220,5,KODEX WTI원유선물(H),14395,5,-115,-0.79,14368.0,-0.6899,24682,354,637
310960,1,TIGER 200TR,18175,5,-260,-1.41,18192.0,-7.365,13059,236,636
399110,4,SOL 미국S&P500ESG,16675,5,-85,-0.51,16689.0,11.449,46841,779,634
437070,6,KODEX 아시아달러채권ESG플러스액티브,60690,2,40,0.07,60676.0,6.7546,14,0,626
278240,3,RISE 코스닥150선물레버리지,7130,5,-355,-4.74,7163.0,-26.6461,37418,270,624
269540,4,PLUS 미국S&P500(H),23780,5,-75,-0.31,23838.0,2.6548,6549,155,618
308620,6,KODEX 미국10년국채선물,11860,5,-25,-0.21,11860.0,3.0856,55371,656,617
489570,6,HANARO 25-12 은행채(AA+이상)액티브,10080,2,10,0.1,10075.0,,1117,11,610
138540,2,TIGER 현대차그룹+펀더멘털,26445,5,-165,-0.62,26435.0,-4.2993,15803,416,608
395290,2,HANARO Fn K-POP&미디어,6950,5,-155,-2.18,6943.0,27.1729,75361,525,608
261240,7,KODEX 미국달러선물,14245,2,10,0.07,14238.0,10.4691,48733,693,598
464310,4,TIGER 글로벌AI&로보틱스 INDXX,12995,5,-335,-2.51,13048.0,9.9407,47444,617,598
411420,4,KODEX 미국메타버스나스닥액티브,15255,2,40,0.26,15304.0,30.6078,24290,369,595
483330,4,ACE 마이크로소프트밸류체인액티브,12180,2,30,0.25,12153.0,20.5343,21205,258,579
483340,4,ACE 구글밸류체인액티브,10985,5,-15,-0.14,10957.0,19.014,49677,544,577
266160,2,RISE 고배당,12925,5,-145,-1.11,12955.0,-5.8288,19809,255,575
315960,2,RISE 대형고배당10TR,17530,5,-340,-1.9,17570.0,-6.5815,13812,241,570
204450,4,KODEX 차이나H레버리지(H),1993,5,-12,-0.6,2002.0,19.6996,92194,183,562
329660,7,KODEX TRF5050,15940,5,-95,-0.59,15940.0,5.0065,18869,300,558
487910,4,ACE 인도컨슈머파워액티브,10740,5,-40,-0.37,10791.0,2.5298,6733,72,553
455960,6,RISE 미국달러SOFR금리액티브(합성),11890,2,45,0.38,11890.0,10.348,4524,53,553
203780,4,TIGER 미국나스닥바이오,22765,5,-255,-1.11,22894.0,-5.696,25350,577,551
494310,2,KODEX 반도체레버리지,7155,5,-430,-5.67,7174.0,,167473,1204,547
319640,4,TIGER 골드선물(H),16830,5,-65,-0.38,16844.0,-0.9126,19744,331,547
453330,4,RISE 미국S&P500(H),14330,5,-50,-0.35,14363.0,2.3498,95815,1370,545
278620,6,PLUS 단기채권액티브,115505,5,-30,-0.03,115505.0,0.9482,4079,471,537
440640,6,ACE 단기채권알파액티브,108840,2,10,0.01,108839.0,0.8431,7451,810,537
423170,4,SOL 한국형글로벌반도체액티브,17960,5,-475,-2.58,18053.0,4.1461,15399,275,535
454320,2,HANARO CAPEX설비투자iSelect,13625,5,-200,-1.45,13674.0,-2.8175,4342,59,531
456680,4,TIGER 차이나전기차레버리지(합성),6085,5,-115,-1.85,6194.0,77.9239,24301,148,511
233160,3,TIGER 코스닥150 레버리지,7120,5,-345,-4.62,7089.0,-25.8334,464694,3349,509
461600,6,SOL 미국30년국채액티브(H),8885,5,-90,-1.0,8912.0,-11.3274,254427,2263,502
447620,7,SOL 미국TOP5채권혼합40 Solactive,13545,2,55,0.41,13571.0,7.9713,22374,302,501
272910,6,ACE 중장기국공채액티브,106460,5,-80,-0.08,106367.0,1.1112,11,1,499
464920,4,PLUS 일본반도체소부장,12440,5,-290,-2.28,12401.0,-2.6985,6219,77,491
442320,4,RISE 글로벌원자력,19160,2,70,0.37,19330.0,20.4274,39053,748,489
494670,2,TIGER 조선TOP10,11770,2,85,0.73,11797.0,,589476,6967,488
484890,6,SOL 머니마켓액티브,50905,3,0,0.0,50904.0,0.8618,1228,62,487
407830,4,에셋플러스 글로벌플랫폼액티브,13505,5,-95,-0.7,13588.0,42.2327,27389,369,486
395170,2,KODEX Top10동일가중,7140,5,-120,-1.65,7174.0,-9.1025,788,5,486
329670,7,KODEX TRF7030,18465,5,-170,-0.91,18440.0,6.5493,29007,534,480
469150,2,ACE AI반도체포커스,11820,5,-365,-3.0,11781.0,-9.46,30688,363,479
152380,6,KODEX 국채선물10년,69230,5,-350,-0.5,69349.0,0.4425,24211,1683,478
261270,7,KODEX 미국달러선물인버스,7805,3,0,0.0,7814.0,-8.3921,83140,649,478
245360,4,TIGER 차이나HSCEI,11430,2,10,0.09,11422.0,23.0355,42811,487,474
251600,7,PLUS 고배당주채권혼합,12365,5,-60,-0.48,12357.0,-0.6908,21210,262,470
491220,1,PLUS 200TR,36860,5,-540,-1.44,36896.0,-7.3637,35,1,461
477730,4,KODEX 인도타타그룹,10580,5,-85,-0.8,10586.0,-2.2182,16625,176,460
403790,1,마이다스 코스피액티브,19080,5,-310,-1.6,19157.0,-5.9867,31,0,458
114100,6,RISE 국고채3년,109550,5,-55,-0.05,109541.0,0.8905,2320,254,458
322400,2,HANARO e커머스,9715,2,5,0.05,9690.0,6.001,1554,15,457
475270,6,ACE 5월만기자동연장회사채AA-이상액티브,10360,5,-5,-0.05,10363.0,0.7292,63,0,453
434730,2,HANARO 원자력iSelect,17060,5,-285,-1.64,17104.0,-1.7847,60769,1048,452
280930,4,KODEX 미국러셀2000(H),13285,5,-150,-1.12,13363.0,-2.7097,65320,867,452
484880,2,SOL 금융지주플러스고배당,10785,5,-160,-1.46,10778.0,-2.2833,158074,1704,448
465660,4,TIGER 일본반도체FACTSET,11200,5,-265,-2.31,11229.0,-4.8024,6362,71,442
490600,4,RISE 미국배당100데일리고정커버드콜,10070,5,-75,-0.74,10033.0,,128568,1290,438
441540,2,HANARO Fn조선해운,15050,2,160,1.07,15145.0,12.5654,108463,1637,436
453080,4,KOSEF 미국나스닥100(H),17120,5,-160,-0.93,17212.0,5.5812,176164,3017,428
475350,4,RISE 버크셔포트폴리오TOP10,12740,5,-10,-0.08,12717.0,10.8307,27639,351,427
426150,6,WON 대한민국국고채액티브,57550,5,-240,-0.42,57494.0,1.9937,1695,97,421
099140,4,KODEX 차이나H,19555,5,-45,-0.23,19561.0,22.6787,17271,336,420
122260,6,KOSEF 통안채1년,106295,5,-5,0.0,106299.0,0.8922,421,44,415
448490,6,HANARO 32-10 국고채액티브,57215,5,-160,-0.28,57153.0,0.9171,10007,572,413
123320,3,TIGER 레버리지,13605,5,-405,-2.89,13621.0,-15.9926,104297,1416,408
469070,2,RISE AI&로봇,7580,5,-300,-3.81,7590.0,-0.3288,112425,863,406
336160,6,RISE 금융채액티브,102920,5,-35,-0.03,102903.0,1.117,172,17,403
385720,1,TIMEFOLIO 코스피액티브,8700,5,-195,-2.19,8731.0,-7.3483,4968,43,400
460960,7,ACE 글로벌인컴TOP10 SOLACTIVE,11430,3,0,0.0,11411.0,7.8708,20244,231,400
400570,4,KODEX 유럽탄소배출권선물ICE(H),9710,2,410,4.41,9729.0,1.3569,70412,683,399
266360,2,KODEX 미디어&엔터테인먼트,11395,5,-175,-1.51,11434.0,10.0434,25030,286,399
464470,6,PLUS 미국채30년액티브,52820,5,-460,-0.86,52735.0,-2.3028,9851,520,398
261250,7,KODEX 미국달러선물레버리지,16645,5,-5,-0.03,16643.0,20.7034,143933,2392,398
0000D0,7,TIGER 엔비디아미국채커버드콜밸런스(합성),9875,5,-70,-0.7,9898.0,,634350,6278,395
123310,3,TIGER 인버스,5395,2,75,1.41,5377.0,8.6606,177923,960,394
473490,4,KOSEF 글로벌AI반도체,15440,5,-120,-0.77,15573.0,6.8955,10532,162,394
276970,4,KODEX 미국S&P500배당귀족커버드콜(합성 H),8375,5,-45,-0.53,8330.0,-4.1214,14950,125,394
385510,2,KODEX K-신재생에너지액티브,15740,5,-115,-0.73,15717.0,-11.7219,9084,143,394
475380,7,RISE 글로벌리얼티인컴,10175,5,-75,-0.73,10135.0,-3.8825,25638,260,387
152870,1,파워 200,32135,5,-510,-1.56,32222.0,-7.3172,65,2,386
491010,4,TIGER 글로벌AI인프라액티브,13225,2,45,0.34,13199.0,19.8459,39963,527,385
453820,4,KODEX 인도Nifty50레버리지(합성),17815,5,-70,-0.39,17798.0,-2.9156,9902,175,383
458030,6,WON 단기국공채액티브,53030,5,-10,-0.02,53041.0,0.8942,2000,106,374
138230,7,KOSEF 미국달러선물,16195,2,15,0.09,16185.0,10.2826,13143,212,374
498400,2,KODEX 200타겟위클리커버드콜,9575,5,-120,-1.24,9580.0,,924880,8827,373
117700,2,KODEX 건설,2785,5,-20,-0.71,2790.0,-12.9688,42661,119,373
227540,2,TIGER 200 헬스케어,19035,5,-265,-1.37,19092.0,-13.2209,11408,216,373
466930,2,SOL 자동차TOP3플러스,10480,5,-130,-1.23,10508.0,-5.5005,40042,418,372
108450,2,ACE 삼성그룹섹터가중,13280,5,-120,-0.9,13315.0,-13.2594,4398,58,372
371450,4,TIGER 글로벌클라우드컴퓨팅INDXX,12685,5,-30,-0.24,12744.0,31.1789,33052,417,370
248270,4,TIGER S&P글로벌헬스케어(합성),22425,5,-245,-1.08,22710.0,-7.5258,8616,193,368
473590,4,ACE 미국주식베스트셀러,18290,5,-85,-0.46,18254.0,36.3907,101095,1848,366
363580,2,KODEX 200IT TR,10105,5,-265,-2.56,10146.0,-14.6177,4225,43,364
352560,7,KODEX 미국부동산리츠(H),11555,5,-270,-2.28,11576.0,-10.7723,80021,924,352
468380,6,KODEX iShares미국하이일드액티브,11560,2,50,0.43,11556.0,8.1384,34508,398,351
279530,2,KODEX 고배당,10260,5,-70,-0.68,10257.0,0.2834,29189,299,349
337160,2,KODEX 200ESG,12895,5,-145,-1.11,12885.0,-5.4273,3487,44,348
365000,2,TIGER 인터넷TOP10,3800,5,-30,-0.78,3797.0,15.3262,588239,2248,348
429760,4,PLUS 미국S&P500,15725,5,-60,-0.38,15761.0,11.501,4552,71,346
332620,6,PLUS 미국장기우량회사채,96145,5,-755,-0.78,96043.0,0.6174,571,54,343
465330,2,RISE 2차전지TOP10,8740,5,-210,-2.35,8756.0,-23.768,80438,713,343
426020,4,TIMEFOLIO 미국S&P500액티브,21755,5,-200,-0.91,21877.0,20.5263,28566,621,339
237350,1,KODEX 코스피100,24820,5,-350,-1.39,24850.0,-7.3362,32020,793,335
476030,4,SOL 미국나스닥100,12855,5,-95,-0.73,12915.0,15.7899,46948,602,334
332500,1,ACE 200TR,20740,5,-370,-1.75,20879.0,-7.8632,1070,22,332
368190,2,HANARO Fn K-뉴딜디지털플러스,7115,5,-100,-1.39,7108.0,-10.5594,2693,19,331
195930,4,TIGER 유로스탁스50(합성 H),17235,5,-45,-0.26,17537.0,-1.9067,8021,137,327
371470,4,TIGER 차이나바이오테크SOLACTIVE,5735,5,-60,-1.04,5805.0,18.9834,12886,74,326
388280,2,RISE 컨택트대표,5925,5,-95,-1.58,5952.0,3.6745,7935,46,325
491090,4,KODEX 미국테크1조달러기업포커스,12700,2,15,0.12,12786.0,17.647,23566,298,324
434960,1,DAISHIN343 K200,32210,5,-450,-1.38,32238.0,-7.125,81,2,322
469170,2,ACE 포스코그룹포커스,4290,5,-60,-1.38,4275.0,-31.36,3336779,14319,322
476850,1,KoAct 배당성장액티브,9175,5,-125,-1.34,9206.0,-6.5112,1451,13,321
298770,4,KODEX 한국대만IT프리미어,24510,2,10,0.04,24467.0,6.2879,13324,326,319
102970,2,KODEX 증권,7495,5,-165,-2.15,7492.0,-4.0333,64375,483,311
471040,4,KoAct 글로벌AI&로봇액티브,15130,5,-75,-0.49,15130.0,16.5639,20740,313,310
167860,6,KOSEF 국고채10년레버리지,114460,5,-1525,-1.31,114794.0,-0.0175,155,17,309
332940,1,HANARO MSCI Korea TR,13330,5,-180,-1.33,13321.0,-9.2889,80,1,307
444490,4,WON 미국S&P500,15985,5,-65,-0.4,16007.0,12.2148,7637,122,304
421320,2,PLUS 우주항공&UAM,12540,5,-150,-1.18,12527.0,-4.3843,13645,170,301
498270,4,KOSEF 미국양자컴퓨팅,9385,5,-160,-1.68,9396.0,,560693,5263,300
287180,4,PLUS 미국나스닥테크,35190,5,-405,-1.14,35321.0,8.7453,1832,64,299
440340,7,TIGER 글로벌멀티에셋TIF액티브,11465,5,-70,-0.61,11472.0,7.2196,3375,38,298
272570,6,RISE 중장기국공채액티브,109105,5,-120,-0.11,109046.0,0.9437,6,0,297
300640,2,RISE 게임테마,8345,5,-165,-1.94,8380.0,-1.2427,45779,385,296
479620,4,SOL 미국AI반도체칩메이커,10565,5,-205,-1.9,10633.0,6.1275,22405,236,296
498410,2,KODEX 금융고배당TOP10타겟위클리커버드콜,9810,5,-145,-1.46,9817.0,,951901,9321,294
394350,4,KOSEF 글로벌퓨처모빌리티,12245,2,400,3.38,12350.0,15.9564,5724,69,294
472830,6,RISE 미국30년국채커버드콜(합성),9630,5,-70,-0.72,9602.0,-0.3622,34949,336,294
332610,6,PLUS 미국단기회사채(AAA~A),129880,2,5,0.0,129794.0,8.8866,1705,221,294
475050,2,ACE KPOP포커스,8205,5,-215,-2.55,8196.0,37.4371,151544,1254,291
495230,1,KoAct 코리아밸류업액티브,9550,5,-120,-1.24,9545.0,,11095,106,291
304780,3,HANARO 200선물레버리지,15245,5,-515,-3.27,15325.0,-16.4658,744,11,290
495050,1,RISE 코리아밸류업,9235,5,-165,-1.76,9257.0,,12430,115,286
160580,5,TIGER 구리실물,11305,5,-50,-0.44,11408.0,0.3105,7511,84,285
256750,4,KODEX 차이나심천ChiNext(합성),9940,5,-100,-1.0,10040.0,49.4736,7292,72,284
271060,5,KODEX 3대농산물선물(H),8290,2,35,0.42,8311.0,-2.5852,12643,104,281
438320,4,TIGER 차이나항셍테크레버리지(합성 H),6680,3,0,0.0,6731.0,33.2003,69434,466,280
359210,1,KODEX 코스피TR,11960,5,-205,-1.69,12005.0,-7.1429,13987,167,275
453650,4,KODEX 미국S&P500금융,17110,2,55,0.32,17129.0,13.8162,46312,790,274
445150,2,KODEX K-친환경조선해운액티브,14325,5,-20,-0.14,14361.0,12.2209,28556,411,272
354350,4,HANARO 글로벌럭셔리S&P(합성),19800,5,-230,-1.15,19946.0,12.917,4521,89,271
271050,5,KODEX WTI원유선물인버스(H),4305,2,25,0.58,4324.0,-1.9363,192305,829,270
395160,2,KODEX 시스템반도체,7640,5,-195,-2.49,7643.0,-11.9309,45541,347,267
493420,4,SOL 미국배당다우존스TR,10470,5,-65,-0.62,10446.0,,157338,1640,262
360140,2,KODEX 200롱코스닥150숏선물,9335,2,80,0.86,9350.0,4.4183,3982,37,261
469160,4,ACE 일본반도체,10870,5,-210,-1.9,10877.0,-3.6348,1155,12,261
367760,2,RISE 5G테크,9475,5,-120,-1.25,9459.0,-7.741,2051,19,261
211560,2,TIGER 배당성장,18855,5,-260,-1.36,18865.0,-5.4888,2335,44,260
169950,4,KODEX 차이나A50,21490,5,-5,-0.02,21647.0,23.5767,8698,187,258
471460,6,히어로즈 국고채30년액티브,64330,5,-525,-0.81,64147.0,3.7078,11121,716,257
387270,4,TIGER 글로벌이노베이션액티브,16835,5,-275,-1.61,16947.0,13.4433,15703,266,253
276650,4,RISE 글로벌테크놀로지(합성 H),31515,2,5,0.02,31456.0,4.6314,2887,90,252
494840,4,TIGER 미국방산TOP10,9480,2,5,0.05,9585.0,,25920,245,251
438560,6,SOL 국고채3년,106635,5,-110,-0.1,106741.0,0.7701,535,57,251
448570,1,FOCUS AI코리아액티브,11365,5,-245,-2.11,11408.0,-8.9708,45,0,250
256440,4,ACE 인도네시아MSCI(합성),9575,5,-95,-0.98,9538.0,-12.9546,14477,138,249
469050,4,RISE 미국반도체NYSE(H),13410,5,-200,-1.47,13467.0,-6.8168,3664,49,248
495940,4,RISE 미국AI테크액티브,10745,5,-35,-0.32,10816.0,,132109,1426,247
487920,4,ACE 인도시장대표BIG5그룹액티브,9500,5,-50,-0.52,9485.0,-7.5876,5846,55,247
419430,4,KODEX 차이나2차전지MSCI(합성),6475,5,-45,-0.69,6601.0,30.676,5900,38,246
200030,4,KODEX 미국S&P500산업재(합성),32850,5,-440,-1.32,33216.0,6.3278,26147,859,246
326230,2,RISE 내수주플러스,8160,5,-120,-1.45,8157.0,-6.153,1566,12,245
469060,4,RISE 미국반도체NYSE,14790,5,-200,-1.33,14879.0,1.6285,8023,118,244
218420,4,KODEX 미국S&P500에너지(합성),14000,5,-120,-0.85,14026.0,2.227,14550,203,241
101280,4,KODEX 일본TOPIX100,21535,5,-235,-1.08,21567.0,2.9939,4256,91,241
252420,3,RISE 200선물인버스2X,2620,2,60,2.34,2612.0,15.6732,1340361,3528,241
289480,3,TIGER 200커버드콜,7930,5,-80,-1.0,7922.0,-3.4223,39671,313,238
496020,6,WON 전단채플러스액티브,50310,2,5,0.01,50299.0,,266,13,237
440910,4,WON 미국우주항공방산,16175,2,70,0.43,16223.0,16.1997,17674,286,235
461340,4,HANARO 글로벌생성형AI액티브,20360,2,15,0.07,20337.0,35.6429,16806,341,234
237370,7,KODEX 배당성장채권혼합,12975,5,-50,-0.38,12966.0,-0.992,11031,142,234
453950,4,TIGER TSMC파운드리밸류체인,15030,5,-335,-2.18,15073.0,0.2,11582,175,233
453640,4,KODEX 미국S&P500헬스케어,11945,5,-155,-1.28,12017.0,-5.7594,20476,244,233
295020,6,RISE 국채선물10년인버스,54390,2,460,0.85,54176.0,1.3509,44,2,233
277540,4,ACE 아시아TOP50S&P,16490,5,-160,-0.96,16468.0,11.1935,10622,174,231
138520,2,TIGER 삼성그룹펀더멘털,10465,5,-130,-1.23,10530.0,-14.1792,25548,267,230
261120,7,TIGER 미국달러선물인버스2X,5230,5,-10,-0.19,5243.0,-16.7198,20667,108,230
474590,2,WON 반도체밸류체인액티브,7770,5,-230,-2.87,7792.0,-9.7561,689,5,225
451600,6,PLUS 국고채30년액티브,115180,5,-440,-0.38,115048.0,3.4117,206,23,225
363510,6,SOL KIS단기통안채,109115,2,10,0.01,109110.0,0.7618,271,29,220
238720,4,ACE 일본Nikkei225(H),27480,5,-5,-0.02,27428.0,4.0711,15432,423,220
496120,1,ACE 코리아밸류업,9425,5,-175,-1.82,9456.0,,522,4,217
140700,2,KODEX 보험,9395,5,-215,-2.24,9422.0,-8.3415,46152,433,216
396520,4,TIGER 차이나반도체FACTSET,7270,2,225,3.19,7333.0,64.2937,67659,490,215
457690,6,KODEX 33-06 국고채액티브,10900,5,-40,-0.37,10898.0,0.6928,22318,243,215
483240,4,TIGER 미국나스닥100ETF선물,10655,5,-105,-0.98,10594.0,,2149,22,213
433970,7,KODEX TDF2030액티브,12835,5,-25,-0.19,12843.0,4.5962,10906,139,212
433980,7,KODEX TDF2040액티브,13625,3,0,0.0,13643.0,5.8088,20935,284,211
276990,4,KODEX 글로벌로봇(합성),18580,5,-340,-1.8,18711.0,9.1977,2274,42,211
450910,1,SOL 코스닥150,10745,5,-295,-2.67,10775.0,-13.0664,224,2,206
463680,4,KODEX 미국S&P500테크놀로지,14725,5,-75,-0.51,14768.0,13.2605,11944,176,206
375770,2,KODEX 탄소효율그린뉴딜,7900,5,-170,-2.11,7961.0,-8.6177,6303,49,205
261070,2,TIGER 코스닥150바이오테크,11940,5,-245,-2.01,11946.0,-11.882,18126,217,205
250730,4,RISE 차이나HSCEI(H),8525,5,-25,-0.29,8579.0,12.3188,16091,137,205
196030,4,ACE 일본TOPIX레버리지(H),40835,5,-370,-0.9,40777.0,6.4797,139,5,204
496090,1,KOSEF 코리아밸류업,9270,5,-145,-1.54,9260.0,,56771,524,204
210780,2,TIGER 코스피고배당,14985,5,-160,-1.06,14950.0,-0.0734,8167,122,202
213610,2,KODEX 삼성그룹밸류,7730,5,-45,-0.58,7754.0,-13.2436,1739,13,201
139220,2,TIGER 200 건설,2600,5,-5,-0.19,2596.0,-16.933,61298,159,200
411050,4,ACE 글로벌메타버스테크액티브,14000,5,-140,-0.99,14078.0,17.1548,1475,20,196
437350,6,RISE 미국단기투자등급회사채액티브,12135,3,0,0.0,12124.0,8.4935,32585,394,194
485690,4,RISE 미국AI밸류체인TOP3Plus,11710,5,-145,-1.22,11805.0,18.7626,17657,207,193
225800,7,KOSEF 미국달러선물레버리지,15820,2,20,0.13,15821.0,20.3957,107,1,193
463250,2,TIGER 우주방산,10715,5,-120,-1.11,10744.0,-1.2443,95536,1032,193
409810,4,KODEX 미국나스닥100선물인버스(H),7710,2,90,1.18,7654.0,-4.6383,235393,1814,193
395150,2,KODEX 웹툰&드라마,3205,5,-75,-2.29,3222.0,12.6537,30114,96,192
300950,2,KODEX 게임산업,6800,5,-135,-1.95,6838.0,-3.7509,67640,463,190
457700,6,KODEX 53-09 국고채액티브,12110,5,-95,-0.78,12142.0,3.5485,13480,163,190
488080,3,TIGER 반도체TOP10레버리지,4170,5,-240,-5.44,4185.0,-22.0561,292219,1222,190
352540,7,KODEX 일본부동산리츠(H),10525,2,65,0.62,10516.0,-6.1943,16644,175,189
354500,1,ACE 코스닥150,11085,5,-270,-2.38,11055.0,-12.5789,26756,297,188
418670,4,TIGER 글로벌사이버보안INDXX,14205,5,-155,-1.08,14341.0,15.8173,6725,96,188
114460,6,ACE 국고채3년,103295,2,15,0.01,103284.0,0.9884,1066,110,186
130680,5,TIGER 원유선물Enhanced(H),4200,5,-25,-0.59,4197.0,-0.3559,17951,75,183
396510,4,TIGER 차이나클린에너지SOLACTIVE,6335,2,5,0.08,6442.0,22.1793,5460,34,182
117460,2,KODEX 에너지화학,9645,5,-160,-1.63,9706.0,-16.4936,18363,177,182
459560,4,KODEX 테슬라밸류체인FactSet,15845,5,-330,-2.04,16026.0,24.7637,21563,342,182
442260,1,마이티 다이나믹퀀트액티브,11315,5,-145,-1.27,11292.0,-7.0255,370,4,181
341850,7,TIGER 리츠부동산인프라채권TR KIS,4485,5,-20,-0.44,4473.0,-9.0817,2363,10,179
243880,2,TIGER 200IT레버리지,23075,5,-1060,-4.39,23078.0,-29.207,4357,100,179
354240,7,RISE 미국고정배당우선증권 TR,11895,2,10,0.08,11873.0,2.4547,5792,68,178
364990,2,TIGER 게임TOP10,5365,5,-70,-1.29,5378.0,-2.7199,67915,364,177
494410,4,PLUS 미국S&P500성장주,10960,5,-35,-0.32,10979.0,,89838,984,175
377990,2,TIGER Fn신재생에너지,7585,5,-95,-1.24,7598.0,-11.3902,10184,77,174
385590,2,ACE ESG액티브,7225,5,-135,-1.83,7262.0,-6.5935,152,1,173
491830,4,TIGER 미국AI반도체팹리스,11145,5,-150,-1.33,11227.0,,10366,115,173
483420,4,ACE 애플밸류체인액티브,10650,5,-185,-1.71,10779.0,9.0071,27834,296,170
185680,4,KODEX 미국S&P바이오(합성),27970,5,-145,-0.52,28208.0,-5.1061,10766,301,170
442570,7,RISE TDF2050액티브,13055,5,-185,-1.4,13155.0,6.1382,9674,126,170
417630,2,TIGER KEDI혁신기업ESG30,9165,5,-175,-1.87,9179.0,-8.1664,3900,35,170
387280,2,TIGER 퓨처모빌리티액티브,6985,5,-115,-1.62,7019.0,-11.9723,9152,64,166
415340,4,KODEX 차이나과창판STAR50(합성),8240,2,85,1.04,8418.0,63.6544,62565,517,166
114470,6,KOSEF 국고채3년,110270,5,-70,-0.06,110274.0,0.9077,12057,1329,165
487950,4,KODEX 대만테크고배당다우존스,9405,5,-55,-0.58,9439.0,3.3516,602,5,165
463640,4,KODEX 미국S&P500유틸리티,12655,2,30,0.24,12750.0,5.2303,11460,144,165
494330,2,ACE 라이프자산주주가치액티브,9925,5,-125,-1.24,9915.0,,3578,35,164
468630,6,KODEX iShares미국투자등급회사채액티브,11515,5,-25,-0.22,11487.0,4.0104,15730,180,162
486240,2,DAISHIN343 AI반도체&인프라액티브,7355,5,-190,-2.52,7392.0,-2.3889,342,2,162
481340,6,RISE 미국30년국채액티브,10110,5,-105,-1.03,10104.0,-5.7343,45869,463,162
495550,1,SOL 코리아밸류업TR,9235,5,-145,-1.55,9257.0,,371641,3425,162
265690,4,ACE 러시아MSCI(합성),8720,3,0,0.0,48.0,0.0,0,0,161
266370,2,KODEX IT,14640,5,-310,-2.07,14634.0,-13.8824,1725,25,161
447660,7,PLUS 애플채권혼합,12800,2,65,0.51,12782.0,6.5246,28356,362,160
211900,2,KODEX 배당성장,15100,5,-180,-1.18,15097.0,-4.6115,1865,28,159
447430,2,ACE 주주환원가치주액티브,12635,5,-205,-1.6,12717.0,3.1007,10957,139,158
467620,6,히어로즈 25-09 미국채권(AA-이상)액티브,56300,5,-30,-0.05,56334.0,9.1529,3836,215,158
444200,2,SOL KEDI메가테크액티브,13660,5,-215,-1.55,13639.0,-5.4999,1808,24,157
488720,7,WON 종합채권(AA-이상)액티브,50895,5,-120,-0.24,50942.0,1.4248,1090,55,157
280320,4,ACE 미국IT인터넷S&P(합성 H),19520,5,-50,-0.26,19598.0,16.6417,226,4,156
438900,2,HANARO Fn K-푸드,10770,5,-180,-1.64,10752.0,7.4314,30265,326,156
472350,4,1Q 차이나H(H),12985,2,50,0.39,12997.0,12.3755,10,0,156
381560,2,HANARO Fn전기&수소차,6870,5,-100,-1.43,6869.0,-14.8699,1993,13,155
269420,4,KODEX S&P글로벌인프라(합성),17635,5,-285,-1.59,17802.0,5.315,4441,78,154
448630,7,RISE 삼성그룹Top3채권혼합,9600,5,-55,-0.57,9622.0,-6.1584,26753,256,154
292770,6,KODEX 국채선물3년인버스,54740,3,0,0.0,54790.0,0.6615,0,0,151
137610,5,TIGER 농산물선물Enhanced(H),5370,2,5,0.09,5397.0,-5.2911,5042,27,150
292190,1,KODEX KRX300,15020,5,-275,-1.8,15074.0,-8.1065,2821,42,150
459750,4,RISE 글로벌주식분산액티브,13630,5,-70,-0.51,13661.0,7.747,1889,25,150
385520,2,KODEX K-미래차액티브,7305,5,-145,-1.95,7321.0,-12.1996,5903,43,150
449780,4,KOSEF 미국S&P500(H),14880,5,-50,-0.33,14912.0,2.5146,16927,251,149
461910,4,PLUS 미국테크TOP10레버리지(합성),29740,5,-215,-0.72,29987.0,47.3006,7350,217,149
483570,4,KCGI 미국S&P500 TOP10,12225,2,95,0.78,12320.0,19.036,71453,874,147
491510,2,파워 K-주주가치액티브,9765,5,-150,-1.51,9843.0,,55,0,146
195970,4,PLUS 선진국MSCI(합성 H),11565,5,-135,-1.15,11606.0,-9.5425,12577,145,146
213630,4,PLUS 미국다우존스고배당주(합성 H),17005,5,-55,-0.32,16978.0,-2.2982,6981,118,145
391600,4,ACE 미국친환경그린테마INDXX,9030,3,0,0.0,9037.0,0.8375,309,2,144
435040,4,ACE 글로벌브랜드TOP10블룸버그,18030,5,-90,-0.5,18048.0,19.4593,49991,902,144
139250,2,TIGER 200 에너지화학,9235,5,-125,-1.34,9289.0,-16.2359,270331,2495,144
183700,7,RISE 채권혼합,59905,5,-215,-0.36,59873.0,-1.3536,41,2,144
474920,4,에셋플러스 차이나일등기업포커스10액티브,13805,2,45,0.33,13873.0,34.1593,704,9,144
490480,2,SOL K방산,9850,5,-120,-1.2,9876.0,,105225,1039,143
253290,7,RISE 헬스케어채권혼합,11840,5,-50,-0.42,11840.0,-4.6392,6436,76,142
440650,6,ACE 미국달러단기채권액티브,11825,2,10,0.08,11808.0,10.1537,24689,291,142
252400,3,RISE 200선물레버리지,12615,5,-390,-3.0,12672.0,-16.4016,11937,150,139
117680,2,KODEX 철강,8940,5,-215,-2.35,9011.0,4.868,3257,29,138
241390,7,RISE V&S셀렉트밸류채권혼합,11435,5,-70,-0.61,11432.0,-2.6229,2211,25,137
139270,2,TIGER 200 금융,8360,5,-145,-1.7,8356.0,-2.4732,5614,46,137
495060,1,TIMEFOLIO 코리아밸류업액티브,9130,5,-150,-1.62,9166.0,,186391,1712,137
250780,3,TIGER 코스닥150선물인버스,4335,2,115,2.73,4309.0,13.4816,409607,1763,137
445690,2,BNK 주주가치액티브,12980,5,-200,-1.52,12968.0,-3.2787,6,0,136
456250,4,KODEX 유럽명품TOP10 STOXX,9325,5,-110,-1.17,9457.0,7.7785,4896,45,135
446700,2,RISE 배터리 리사이클링,8795,5,-345,-3.77,8816.0,-14.6117,31994,287,134
453660,4,KODEX 미국S&P500경기소비재,17815,5,-135,-0.75,17942.0,26.1149,4443,79,134
140710,2,KODEX 운송,4945,5,-20,-0.4,4961.0,-0.9019,12869,63,134
219390,4,RISE 미국S&P원유생산기업(합성 H),5645,5,-105,-1.83,5650.0,-6.8482,40140,226,133
316670,1,KOSEF 코스닥150,5445,5,-135,-2.42,5473.0,-13.0192,11653,63,132
304770,1,HANARO 코스닥150,10965,5,-320,-2.84,10997.0,-13.2859,568,6,132
407820,2,에셋플러스 코리아플랫폼액티브,6230,5,-110,-1.74,6215.0,-5.0305,1110,6,131
494340,4,ACE 글로벌AI맞춤형반도체,11750,5,-150,-1.26,11841.0,,22869,269,129
223190,2,KODEX 200가치저변동,10690,5,-125,-1.16,10720.0,-6.2281,51937,553,128
463690,4,KODEX 미국S&P500커뮤니케이션,15985,5,-120,-0.75,16074.0,19.8096,897,14,128
482870,2,HANARO 주주가치성장코리아액티브,9800,5,-165,-1.66,9860.0,-6.4886,1617,15,127
496770,4,PLUS 글로벌방산,9405,5,-125,-1.31,9382.0,,6075,57,127
459790,4,히어로즈 미국성장기업30액티브,14860,5,-140,-0.93,15042.0,11.7293,145,2,126
465670,4,TIGER 미국캐시카우100,12595,5,-190,-1.49,12681.0,5.8136,8933,112,126
245350,4,TIGER 유로스탁스배당30,11955,5,-45,-0.37,11983.0,-3.2376,2346,28,126
451670,6,RISE 국채30년레버리지(합성),24925,5,-230,-0.91,25026.0,5.9511,1477,37,125
217780,4,TIGER 차이나CSI300인버스(합성),7330,2,35,0.48,7435.0,-23.6061,291,2,125
491620,4,RISE 미국테크100데일리고정커버드콜,11130,5,-60,-0.54,11147.0,,42440,471,122
395280,2,HANARO Fn K-게임,4120,5,-80,-1.9,4138.0,-3.0589,1533,6,122
269370,4,TIGER S&P글로벌인프라(합성),14290,5,-70,-0.49,14340.0,5.1044,238,3,121
495040,1,PLUS 코리아밸류업,9250,5,-170,-1.8,9275.0,,223473,2062,120
461900,4,PLUS 미국테크TOP10,18415,5,-70,-0.38,18506.0,22.4808,3197,58,120
300610,2,TIGER K게임,7040,5,-120,-1.68,7060.0,-1.9499,19064,133,120
471290,6,HANARO CD금리액티브(합성),103890,2,15,0.01,103882.0,0.8053,135,14,119
182490,6,TIGER 단기선진하이일드(합성 H),13225,5,-90,-0.68,13229.0,-0.6387,590,7,119
239660,6,PLUS 우량회사채50,118645,5,-40,-0.03,118663.0,0.8543,254,30,119
494420,2,PLUS 미국배당증가성장주데일리커버드콜,9860,5,-30,-0.3,9834.0,,132578,1301,118
422260,2,VITA MZ소비액티브,7875,5,-110,-1.38,7889.0,-3.077,31562,251,118
138910,5,KODEX 구리선물(H),6915,5,-25,-0.36,6919.0,-7.677,3245,22,118
453060,6,HANARO KOFR금리액티브(합성),106505,2,35,0.03,106493.0,0.8379,29,3,117
433500,2,ACE 원자력테마딥서치,16705,5,-300,-1.76,16830.0,-0.3579,4273,72,117
266410,2,KODEX 필수소비재,6455,5,-105,-1.6,6452.0,-2.9324,7722,50,116
140950,1,파워 코스피100,24200,5,-415,-1.69,24283.0,-7.411,382,9,116
453630,4,KODEX 미국S&P500필수소비재,12200,5,-125,-1.01,12354.0,4.9733,13080,159,116
430500,7,KOSEF 물가채KIS,115390,5,-605,-0.52,115516.0,1.2237,571,65,115
400590,4,SOL 글로벌탄소배출권선물ICE(합성),11520,2,190,1.68,11534.0,0.0,1808,20,115
275300,2,KODEX MSCI퀄리티,8220,5,-205,-2.43,8288.0,-8.4123,19,0,115
417450,4,RISE 글로벌수소경제,6955,5,-130,-1.83,7034.0,4.8229,2901,20,115
195920,4,TIGER 일본TOPIX(합성 H),22865,5,-60,-0.26,23017.0,2.4647,466,10,114
449690,4,TIGER 한중반도체(합성),15085,2,145,0.97,15113.0,37.6996,98,1,113
490590,4,RISE 미국AI밸류체인데일리고정커버드콜,11245,5,-65,-0.57,11286.0,,41395,464,112
474390,6,SOL 국고채30년액티브,55675,5,-225,-0.4,55844.0,3.7068,7328,408,111
495330,1,1Q 코리아밸류업,9265,5,-110,-1.17,9260.0,,141721,1306,111
460660,4,RISE 미국S&P배당킹,11090,5,-65,-0.58,11103.0,1.26,6878,76,111
306950,3,KODEX KRX300레버리지,10950,5,-360,-3.18,11013.0,-17.452,568,6,110
291130,4,ACE 멕시코MSCI(합성),12115,5,-200,-1.62,12330.0,-5.1664,5321,64,109
267440,6,RISE 미국장기국채선물(H),8350,5,-40,-0.48,8353.0,-8.7432,5922,49,109
276000,4,TIGER 글로벌자원생산기업(합성 H),13530,5,-280,-2.03,13517.0,-9.9501,975,13,108
479850,2,HANARO K-뷰티,10720,5,-245,-2.23,10810.0,-12.7747,5960,64,107
275290,2,KODEX MSCI밸류,9710,5,-225,-2.26,9813.0,-11.2026,15,0,107
483030,4,KOSEF 미국블록버스터바이오테크의약품+,9680,5,-45,-0.46,9651.0,-7.4482,896,8,106
290080,3,RISE 200고배당커버드콜ATM,8050,5,-120,-1.47,8072.0,4.4098,17310,139,105
419420,4,KODEX 미국클린에너지나스닥,6535,5,-95,-1.43,6571.0,4.1434,3703,24,105
428560,4,KODEX 미국ETF산업Top10 Indxx,17325,5,-5,-0.03,17349.0,12.3031,7934,137,104
289260,2,TIGER MSCI KOREA ESG리더스,8425,5,-210,-2.43,8452.0,-5.2946,5456,46,104
472840,1,ITF 200,31875,5,-475,-1.47,31932.0,-7.3563,597,18,104
419650,4,PLUS 글로벌수소&차세대연료전지,3560,5,-100,-2.73,3595.0,-1.9284,13328,47,103
156080,1,KODEX MSCI Korea,14735,5,-200,-1.34,14733.0,-9.4346,85,1,103
385600,2,ACE 2차전지&친환경차액티브,6860,5,-190,-2.7,6850.0,-26.1572,6556,45,103
475300,2,SOL 반도체전공정,6620,5,-170,-2.5,6612.0,-11.4382,13819,92,103
102960,2,KODEX 기계장비,6760,5,-110,-1.6,6778.0,-3.7038,4625,31,101
310080,4,RISE 중국MSCI China(H),8390,5,-25,-0.3,8418.0,10.8322,2987,24,101
490330,4,KoAct 미국뇌질환치료제액티브,10035,5,-155,-1.52,10146.0,1.4661,4691,47,100
261110,7,TIGER 미국달러선물레버리지,16710,2,5,0.03,16704.0,20.4324,938,15,100
230480,7,KOSEF 미국달러선물인버스2X,4580,3,0,0.0,4577.0,-16.803,4255,19,100
460270,6,히어로즈 미국달러SOFR금리액티브(합성),12325,2,10,0.08,12312.0,10.439,8297,102,100
489000,6,PLUS 일본엔화초단기국채(합성),9955,5,-100,-0.99,9944.0,-1.1421,87554,866,100
104530,2,KOSEF 고배당,11060,5,-190,-1.69,11096.0,3.9571,8085,89,100
275280,2,KODEX MSCI모멘텀,12395,5,-205,-1.63,12367.0,-3.4282,137,1,99
139660,7,KOSEF 미국달러선물인버스,8120,5,-10,-0.12,8138.0,-8.6615,606,4,99
433220,4,에셋플러스 글로벌대장장이액티브,18815,2,15,0.08,18847.0,23.1751,681,12,98
461450,1,KODEX 코스닥글로벌,9750,5,-295,-2.94,9800.0,-13.9073,423,4,98
489290,4,WON 미국빌리어네어,12870,5,-90,-0.69,12938.0,26.0528,63399,815,97
104520,2,KOSEF 블루칩,8020,5,-135,-1.66,8027.0,-5.6027,83,0,96
499150,4,SOL 미국S&P500엔화노출(H),9600,5,-135,-1.39,9605.0,,100511,959,96
181480,7,ACE 미국부동산리츠(합성 H),79975,5,-1680,-2.06,79974.0,-10.4263,153,12,96
432840,4,HANARO 미국S&P500,15940,5,-20,-0.13,15971.0,12.3643,732,11,96
491700,1,HK 200,31660,5,-800,-2.46,31930.0,-7.9384,3,0,95
491630,4,RISE 미국반도체인버스(합성 H),21100,2,300,1.44,21307.0,,649,13,95
496130,1,TRUSTON 코리아밸류업액티브,9465,5,-105,-1.1,9470.0,,10113,95,95
497780,4,KoAct 미국천연가스인프라액티브,9455,2,25,0.27,9579.0,,378384,3589,95
365040,1,TIGER AI코리아그로스액티브,11715,5,-225,-1.88,11776.0,-6.3175,2649,31,94
138530,2,TIGER LG그룹+펀더멘털,6595,5,-100,-1.49,6591.0,-11.6308,16925,111,94
337140,2,KODEX 코스피대형주,11615,5,-155,-1.32,11608.0,-7.0429,4694,54,93
498860,2,RISE 코리아금융고배당,9265,5,-185,-1.96,9268.0,,103276,955,93
480460,7,WON 한국부동산TOP3플러스,9255,5,-95,-1.02,9244.0,-11.79,644,5,93
410870,2,TIMEFOLIO K컬처액티브,9230,5,-240,-2.53,9266.0,-7.0962,4447,41,92
292730,1,FOCUS KRX300,15335,5,-370,-2.36,15438.0,-8.3931,6,0,92
337150,2,KODEX 200exTOP,11445,5,-205,-1.76,11478.0,-4.386,4,0,92
464060,4,HANARO 글로벌반도체TOP10 SOLACTIVE,16635,5,-230,-1.36,16918.0,9.1249,3381,56,91
450190,4,KODEX 한중반도체(합성),15135,3,0,0.0,15292.0,36.4864,0,0,91
145850,2,TREX 펀더멘탈 200,36225,5,-380,-1.04,36171.0,-7.9393,1,0,91
475070,4,KoAct 글로벌기후테크인프라액티브,15070,5,-160,-1.05,15263.0,16.2629,14680,220,90
105780,2,RISE 5대그룹주,5640,5,-85,-1.48,5643.0,-11.251,1537,8,90
091220,2,TIGER 은행,8625,5,-95,-1.09,8616.0,-2.4653,10461,89,90
404260,2,KODEX 기후변화솔루션,8890,5,-100,-1.11,8894.0,-18.2529,315,2,89
477490,4,에셋플러스 글로벌일등기업포커스10액티브,14720,5,-65,-0.44,14745.0,27.5563,1912,28,88
400580,4,SOL 유럽탄소배출권선물S&P(H),9810,2,380,4.03,9844.0,2.1343,5326,52,88
159800,1,마이티 코스피100,24500,5,-555,-2.22,24726.0,-8.2398,495,12,88
415760,4,SOL 차이나육성산업액티브(합성),7990,2,40,0.5,8090.0,65.2533,17797,140,88
368680,2,KODEX K-뉴딜디지털플러스,7205,5,-80,-1.1,7203.0,-10.9395,121,0,86
376410,2,TIGER 탄소효율그린뉴딜,7855,5,-135,-1.69,7878.0,-7.9672,1751,13,86
225030,4,TIGER 미국S&P500선물인버스(H),2970,2,25,0.85,2960.0,-1.1648,180381,534,86
390400,4,KODEX 미국스마트모빌리티S&P,5735,2,10,0.17,5783.0,8.2075,2934,16,86
489860,4,KOSEF 글로벌전력GRID인프라,10700,5,-120,-1.11,10714.0,3.4816,5334,56,86
289040,2,KODEX MSCI KOREA ESG유니버설,9470,5,-200,-2.07,9541.0,-8.3697,38,0,85
494210,4,SOL 미국500타겟커버드콜액티브,10640,5,-40,-0.37,10652.0,,98817,1050,85
494180,4,TIMEFOLIO 글로벌소비트렌드액티브,11345,5,-55,-0.48,11458.0,,140296,1601,85
174350,2,TIGER 로우볼,12785,5,-165,-1.27,12836.0,-2.3301,378,4,84
375270,7,RISE 글로벌데이터센터리츠(합성),11910,5,-115,-0.96,11920.0,-2.934,4444,52,83
225060,4,TIGER 이머징마켓MSCI레버리지(합성 H),7575,5,-25,-0.33,7558.0,-6.9411,109,0,83
217770,5,TIGER 원유선물인버스(H),2850,2,25,0.88,2854.0,-1.3841,13423,38,83
468370,6,KODEX iShares미국인플레이션국채액티브,11125,5,-30,-0.27,11108.0,5.2507,8404,93,82
429740,7,PLUS K리츠,6320,5,-60,-0.94,6296.0,-14.5369,2651,16,82
215620,2,HK S&P코리아로우볼,13005,3,0,0.0,12881.0,-3.267,0,0,82
424460,4,HANARO 글로벌워터MSCI(합성),13640,5,-165,-1.2,13676.0,1.2244,742,10,82
497520,4,ACE 일라이릴리밸류체인,10200,5,-150,-1.45,10313.0,,2482,25,82
139320,5,TIGER 금은선물(H),11655,5,-185,-1.56,11672.0,-2.2642,2875,33,82
497510,4,ACE 글로벌빅파마,10160,5,-145,-1.41,10286.0,,6174,62,81
395760,2,PLUS ESG성장주액티브,7720,5,-95,-1.22,7717.0,-7.545,38,0,81
117690,4,TIGER 차이나항셍25,17925,2,15,0.08,18082.0,22.3967,1225,22,81
488290,4,마이다스 일본테크액티브,21480,5,-255,-1.17,21511.0,1.4883,31,0,81
225050,4,TIGER 유로스탁스레버리지(합성 H),10735,5,-20,-0.19,10925.0,-5.2098,1186,12,81
442090,2,에셋플러스 코리아대장장이액티브,10040,5,-135,-1.33,10025.0,-7.7206,218,2,80
472720,1,TRUSTON 주주가치액티브,11155,5,-130,-1.15,11162.0,-3.5869,1516,16,80
253160,3,PLUS 200선물인버스2X,5350,2,160,3.08,5322.0,16.178,27414,146,80
122090,1,PLUS 코스피50,22195,5,-260,-1.16,22149.0,-6.8651,515,11,80
452440,2,VITA 밸류알파액티브,11395,5,-220,-1.89,11463.0,-2.1049,21641,251,80
445910,2,TIGER MKF배당귀족,12230,5,-160,-1.29,12232.0,-4.3785,1069,13,79
446690,4,KODEX 아시아AI반도체exChina액티브,15840,5,-225,-1.4,15911.0,2.7104,349,5,79
192720,2,파워 고배당저변동성,32710,5,-375,-1.13,32810.0,1.2286,627,20,79
451150,4,에셋플러스 글로벌영에이지액티브,15470,5,-140,-0.9,15536.0,26.2857,163,2,77
471780,2,TIGER 코리아테크액티브,7830,5,-205,-2.55,7855.0,-13.5762,315,2,77
488480,4,RISE 일본섹터TOP4Plus,10180,5,-100,-0.97,10168.0,5.7113,112,1,76
229720,1,KODEX KTOP30,15235,5,-235,-1.52,15273.0,-10.1446,134,2,76
292500,1,SOL KRX300,15185,5,-300,-1.94,15226.0,-8.2201,3,0,76
226980,1,KODEX 200 중소형,12605,5,-140,-1.1,12574.0,-4.1445,2828,35,76
364690,1,KODEX 혁신기술테마액티브,12555,5,-235,-1.84,12611.0,-6.341,81,1,75
100910,1,KOSEF KRX100,5015,5,-95,-1.86,5030.0,-7.9141,621,3,75
498050,2,HANARO 바이오코리아액티브,9395,5,-255,-2.64,9429.0,,2683,25,75
183710,7,RISE 주식혼합,37500,5,-225,-0.6,37383.0,-5.1114,29,1,75
292160,1,TIGER KRX300,15000,5,-310,-2.02,15082.0,-8.4026,23,0,75
237440,7,TIGER 경기방어채권혼합,9370,5,-85,-0.9,9388.0,-1.5136,2721,25,75
464600,2,SOL 자동차소부장Fn,8775,5,-175,-1.96,8804.0,-6.25,860,7,75
205720,4,ACE 일본TOPIX인버스(합성 H),2480,3,0,0.0,2505.0,-4.2472,21835,54,74
464610,2,SOL 의료기기소부장Fn,9290,5,-85,-0.91,9270.0,-8.6978,12248,114,74
360150,2,KODEX 코스닥150롱코스피200숏선물,9285,5,-55,-0.59,9229.0,-4.6715,1675,15,74
253230,3,KOSEF 200선물인버스2X,2630,2,75,2.94,2617.0,16.1147,76263,200,74
371150,4,RISE 차이나항셍테크,7050,2,45,0.64,7055.0,31.2849,4029,29,74
404120,2,TIMEFOLIO K신재생에너지액티브,10555,5,-275,-2.54,10590.0,-15.1187,391,4,74
432600,6,RISE 국채선물3년,54800,2,185,0.34,54717.0,1.0976,10,0,73
462340,4,에셋플러스 글로벌다이나믹시니어액티브,14120,5,-125,-0.88,14141.0,14.5638,12,0,73
385710,2,TIMEFOLIO K이노베이션액티브,7310,5,-175,-2.34,7309.0,-8.396,2321,17,73
152500,3,ACE 레버리지,5610,5,-165,-2.86,5615.0,-15.8921,19629,109,73
252650,1,KODEX 200동일가중,10375,5,-185,-1.75,10412.0,-6.9507,23419,242,73
267490,6,RISE 미국장기국채선물레버리지(합성 H),5565,5,-50,-0.89,5568.0,-17.7384,19724,109,72
467540,1,KOSEF 코스닥글로벌,10330,5,-285,-2.68,10331.0,-13.6071,51,0,72
441330,4,KOSEF 차이나A50커넥트MSCI,9635,2,10,0.1,9770.0,22.4269,700,6,72
438740,2,마이다스 중소형액티브,19230,5,-380,-1.94,19266.0,-5.7353,49,0,72
435550,7,히어로즈 TDF2050액티브,14315,5,-75,-0.52,14337.0,7.5911,914,13,72
411540,1,SOL 200 Top10,7945,5,-95,-1.18,7946.0,-7.5626,585,4,72
227570,2,TIGER 우량가치,11340,5,-105,-0.92,11303.0,-5.618,205,2,71
304670,6,KODEX 미국30년국채울트라선물인버스(H),11905,2,70,0.59,11904.0,12.3113,1841,21,71
449680,7,TIGER 한중전기차(합성),8390,5,-55,-0.65,8385.0,11.8666,10,0,71
225130,4,ACE 골드선물 레버리지(합성 H),23675,5,-75,-0.32,23704.0,-3.3082,10572,248,71
475310,2,SOL 반도체후공정,8345,5,-385,-4.41,8338.0,-16.1307,12235,103,71
433880,7,PLUS TDF2060액티브,14755,5,-10,-0.07,14762.0,8.2141,4147,61,71
435540,7,히어로즈 TDF2040액티브,14160,5,-70,-0.49,14180.0,7.5987,88,1,71
337120,2,KODEX 멀티팩터,11790,3,0,0.0,11639.0,-6.3556,0,0,71
416090,4,ACE 중국과창판STAR50,7855,2,100,1.29,7900.0,65.1945,5363,42,71
429010,4,TIGER 미국나스닥넥스트100,14090,5,-30,-0.21,14253.0,12.1368,690,9,70
483020,2,KOSEF 의료AI,9380,5,-310,-3.2,9394.0,-5.5388,31413,294,70
375760,2,HANARO 탄소효율그린뉴딜,7815,5,-115,-1.45,7816.0,-8.7033,132,1,70
473640,4,HANARO 글로벌금채굴기업,12670,5,-335,-2.58,12926.0,-7.5183,2527,32,70
495750,1,HANARO 코리아밸류업,9255,5,-160,-1.7,9264.0,,367504,3386,69
289670,6,PLUS 국채선물10년,55505,5,-315,-0.56,55587.0,0.3888,47,2,69
298340,6,PLUS 국채선물3년,56235,5,-30,-0.05,56238.0,0.7615,682,38,67
373490,2,KODEX K-이노베이션액티브,11230,5,-200,-1.75,11356.0,-9.0689,35,0,67
379790,4,RISE 유로스탁스50(H),13410,5,-90,-0.67,13526.0,-1.9379,741,9,67
474800,4,KOSEF 미국원유에너지기업,11175,5,-100,-0.89,11195.0,4.1472,11215,125,67
488200,2,KOSEF K-2차전지북미공급망,7410,5,-210,-2.76,7444.0,-25.2271,13781,104,67
253280,2,RISE 헬스케어,13325,5,-150,-1.11,13337.0,-15.2354,528,7,67
435530,7,히어로즈 TDF2030액티브,13280,5,-35,-0.26,13292.0,6.155,467,6,66
269530,4,PLUS S&P글로벌인프라,16575,5,-185,-1.1,16740.0,4.0489,679,11,66
399580,4,RISE 글로벌클린에너지,6020,5,-115,-1.87,6065.0,-13.6918,3242,19,66
460280,2,KOSEF Fn유전자혁신기술,8815,5,-270,-2.97,8816.0,-10.9596,2556,22,66
270800,2,RISE KQ고배당,11005,5,-5,-0.05,10973.0,3.043,237,2,66
411860,4,KOSEF 독일DAX,13145,5,-220,-1.65,13213.0,5.9226,642,8,66
413930,2,WON AI ESG액티브,8640,5,-145,-1.65,8675.0,-6.8464,503,4,65
442560,7,RISE TDF2040액티브,12955,5,-55,-0.42,12937.0,6.4065,16236,208,65
176950,6,KODEX 국채선물10년인버스,53970,2,300,0.56,53851.0,1.0201,134,7,65
448100,1,WON 200,32300,5,-565,-1.72,32472.0,-7.5056,190,6,65
108590,1,TREX 200,32235,5,-520,-1.59,32334.0,-7.4957,74,2,64
234310,2,RISE V&S셀렉트밸류,12875,5,-190,-1.45,12903.0,-7.5404,5,0,64
251590,2,PLUS 고배당저변동50,12805,5,-90,-0.7,12775.0,0.5733,2468,31,64
487130,2,KoAct AI인프라액티브,7500,5,-200,-2.6,7499.0,-3.2259,509501,3846,64
295000,6,RISE 국채선물10년,54860,5,-65,-0.12,54747.0,0.7529,41,2,64
449580,7,RISE 미국빅데이터Top3채권혼합,15865,2,65,0.41,15776.0,17.0416,6254,98,63
219900,4,ACE 중국본토CSI300레버리지(합성),3320,5,-5,-0.15,3333.0,63.9506,8766,28,63
253150,3,PLUS 200선물레버리지,25185,5,-1005,-3.84,25544.0,-17.141,599,15,63
442550,7,RISE TDF2030액티브,12565,2,10,0.08,12537.0,5.411,3616,45,63
488210,2,KOSEF K-반도체북미공급망,7375,5,-235,-3.09,7418.0,-2.3179,12733,94,63
459370,4,SOL 유럽탄소배출권선물인버스ICE(H),12515,5,-565,-4.32,12535.0,-4.9374,94,1,63
371870,4,ACE 차이나항셍테크,6945,2,25,0.36,7006.0,32.1598,1317,9,63
253250,3,KOSEF 200선물레버리지,12480,5,-360,-2.8,12535.0,-16.2135,12406,154,62
153270,1,KOSEF 코스피100,23955,5,-350,-1.44,24001.0,-7.5597,214,5,62
227830,1,PLUS 코스피,24830,5,-370,-1.47,24836.0,-7.3024,221,5,62
305050,1,ACE 코스피,24800,5,-445,-1.76,24871.0,-7.4455,3344,83,62
138920,5,KODEX 콩선물(H),10295,2,160,1.58,10411.0,-7.2523,226,2,62
316300,7,ACE 싱가포르리츠,12355,5,-130,-1.04,12468.0,-9.6725,390,4,62
494220,2,UNICORN SK하이닉스밸류체인액티브,8215,5,-365,-4.25,8220.0,,18755,155,62
292050,1,RISE KRX300,15340,5,-245,-1.57,15392.0,-8.006,108,1,61
291890,4,KODEX MSCI EM선물(H),8150,5,-65,-0.79,8163.0,-3.3215,340,2,61
401590,4,HANARO 글로벌탄소배출권선물ICE(합성),9390,2,140,1.51,9413.0,-0.2656,7028,65,61
491820,2,HANARO 전력설비투자,11050,5,-290,-2.56,11105.0,,2536,28,61
476310,4,RISE 글로벌비만산업TOP2+,10125,2,100,1.0,10223.0,-7.5343,4948,50,61
346000,6,HANARO KAP초장기국고채,40750,5,-320,-0.78,40930.0,1.6209,126,5,60
322410,2,HANARO 고배당,13395,5,-175,-1.29,13388.0,-0.0448,31555,421,60
428510,4,KODEX 차이나메타버스액티브,12025,2,125,1.05,12061.0,24.4824,426,5,60
450180,7,KODEX 한중전기차(합성),8560,5,-155,-1.78,8602.0,10.3092,38,0,60
455660,6,ACE 미국하이일드액티브(H),9975,5,-30,-0.3,9934.0,-0.3497,1899,18,60
481200,4,SOL 미국테크TOP10인버스(합성),7480,2,15,0.2,7445.0,-18.1172,308,2,60
279540,2,KODEX 최소변동성,9965,5,-280,-2.73,10013.0,-8.072,15,0,60
429980,7,SOL 한국형글로벌전기차&2차전지액티브,11900,5,-140,-1.16,11907.0,12.5295,1916,22,60
457930,2,BNK 미래전략기술액티브,9915,5,-200,-1.98,9913.0,-3.971,79,0,59
489010,4,PLUS 글로벌AI인프라,11880,5,-115,-0.96,12025.0,10.3576,401,4,59
166400,3,TIGER 200커버드콜OTM,11745,5,-190,-1.59,11765.0,-5.7384,3918,46,59
469530,3,RISE 미국달러선물인버스,9035,3,0,0.0,9040.0,-8.2276,198,1,59
189400,4,PLUS 글로벌MSCI(합성 H),19530,2,125,0.64,19526.0,-0.4841,158,3,59
244620,2,KODEX 모멘텀Plus,11600,5,-225,-1.9,11658.0,-8.2642,342,3,58
456200,6,PLUS 미국달러SOFR금리액티브(합성),58855,5,-30,-0.05,58903.0,10.1122,102,6,58
307520,2,TIGER 지주회사,9600,5,-120,-1.23,9620.0,-8.09,14898,143,58
373530,4,PLUS 신흥국MSCI인버스(합성 H),11060,2,20,0.18,11178.0,3.0754,14,0,58
228820,1,TIGER KTOP30,7655,5,-65,-0.84,7638.0,-9.6649,1402,10,57
397410,6,RISE 국채선물5년추종인버스,55915,2,120,0.22,55985.0,0.7568,107,5,57
289250,2,TIGER MSCI KOREA ESG유니버설,9490,5,-175,-1.81,9529.0,-8.0427,2,0,57
140580,2,RISE 우량업종대표주,11385,5,-100,-0.87,11381.0,-3.0652,8,0,57
395750,2,PLUS ESG가치주액티브,7570,5,-100,-1.3,7565.0,-7.9076,49,0,57
419170,4,HANARO 미국메타버스iSelect,16185,5,-70,-0.43,16357.0,15.6897,15,0,57
267450,6,RISE 미국장기국채선물인버스(H),11180,2,75,0.68,11175.0,11.2991,362,4,56
252410,3,RISE 200선물인버스,6185,2,85,1.39,6182.0,8.3187,4058,25,56
284980,2,RISE 200금융,11100,5,-175,-1.55,11076.0,-2.4091,3263,36,56
280920,2,PLUS 주도업종,10080,5,-130,-1.27,10066.0,-8.6543,29,0,55
437370,4,RISE 글로벌농업경제,8500,5,-160,-1.85,8561.0,-4.0633,748,6,55
281990,2,RISE 중소형고배당,11035,5,-70,-0.63,11031.0,2.2232,1351,14,55
261920,4,ACE 필리핀MSCI(합성),13785,2,245,1.81,13680.0,-8.4662,40,0,55
105010,4,TIGER 라틴35,4140,2,50,1.22,4151.0,-3.2711,4426,18,54
442580,4,PLUS 글로벌HBM반도체,15335,5,-545,-3.43,15597.0,-4.0664,24871,386,54
404650,2,SOL KRX기후변화솔루션,8825,5,-135,-1.51,8878.0,-19.2146,1025,9,53
397420,6,RISE 국채선물5년추종,51325,2,50,0.1,51312.0,0.825,4,0,52
261140,2,TIGER 우선주,10465,5,-135,-1.27,10493.0,-12.4561,2811,29,52
437550,7,히어로즈 글로벌리츠이지스액티브,10300,5,-195,-1.86,10508.0,-6.2358,28,0,52
315270,2,TIGER 200커뮤니케이션서비스,18370,5,-260,-1.4,18408.0,9.2606,830,15,51
227560,2,TIGER 200 생활소비재,8275,5,-140,-1.66,8294.0,-3.8909,957,7,51
291680,4,RISE 차이나H선물인버스(H),10155,5,-15,-0.15,10178.0,-14.05,134,1,51
380340,2,ACE Fn5G플러스,8385,5,-180,-2.1,8406.0,-5.4146,272,2,50
307510,2,TIGER 의료기기,14320,5,-545,-3.67,14342.0,-4.7239,1477,21,50
226380,2,ACE Fn성장소비주도주,5550,5,-105,-1.86,5564.0,1.0928,20,0,50
131890,2,ACE 삼성그룹동일가중,16605,5,-175,-1.04,16697.0,-9.4602,58,0,50
461580,1,TIGER 코스닥글로벌,9955,5,-290,-2.83,9994.0,-13.1327,270,2,50
485810,4,TIMEFOLIO 글로벌안티에이징바이오액티브,8920,5,-75,-0.83,8918.0,-11.1112,175879,1575,49
256450,4,PLUS 심천차이넥스트(합성),9740,2,115,1.19,9835.0,51.3597,2352,22,49
291620,3,KOSEF 코스닥150선물인버스,7670,2,190,2.54,7645.0,13.4615,9733,73,48
454180,4,KOSEF 차이나내수소비TOP CSI,8700,5,-15,-0.17,8685.0,28.2996,12511,108,48
473500,4,KOSEF 글로벌전력반도체,7970,5,-335,-4.03,8045.0,2.2188,11252,89,48
450120,2,KOSEF SK그룹대표주,11950,5,-225,-1.85,11932.0,-1.2887,358,4,48
277640,2,TIGER 코스피대형주,11915,5,-220,-1.81,11964.0,-6.7319,2373,28,48
402460,2,HANARO Fn K-메타버스MZ,6805,5,-110,-1.59,6795.0,-3.4067,1164,7,48
373790,4,KOSEF 미국방어배당성장나스닥,14850,5,-125,-0.83,14981.0,1.594,1463,21,48
321410,7,KODEX 멀티에셋하이인컴(H),9425,5,-30,-0.32,9569.0,-6.0788,51,0,47
457990,2,PLUS 태양광&ESS,8560,5,-135,-1.55,8554.0,-11.5246,1301,11,47
285690,2,FOCUS ESG리더스,10430,5,-155,-1.46,10437.0,-6.2894,1,0,47
306520,3,HANARO 200선물인버스,11200,2,190,1.73,11157.0,9.1617,1043,11,45
426410,4,PLUS 미국대체투자Top10,22315,2,180,0.81,22393.0,20.739,367,8,45
390950,6,HANARO 단기채권액티브,108755,3,0,0.0,108761.0,0.7597,0,0,45
404540,2,TIGER KRX기후변화솔루션,8910,5,-115,-1.27,8955.0,-18.593,1716,15,45
301400,1,PLUS 코스닥150,11115,5,-255,-2.24,11116.0,-12.9601,900,9,44
413220,4,SOL 차이나태양광CSI(합성),4370,5,-15,-0.34,4437.0,28.1524,2826,12,44
252000,1,TIGER 200동일가중,10865,5,-205,-1.85,10902.0,-6.6581,22691,246,43
157500,2,TIGER 증권,5560,5,-115,-2.03,5548.0,-1.331,8285,46,43
238670,7,PLUS 스마트베타Quality채권혼합,10810,5,-40,-0.37,10804.0,-0.7802,700,7,43
139290,2,TIGER 200 경기소비재,15370,5,-260,-1.66,15424.0,-3.745,377,5,43
407160,2,KCGI 테크미디어텔레콤액티브,7675,5,-175,-2.23,7678.0,-5.5966,378,2,42
334690,5,RISE 팔라듐선물(H),4605,5,-60,-1.29,4599.0,-16.9523,30273,139,41
244660,2,KODEX 퀄리티Plus,8285,3,0,0.0,8183.0,-3.5925,0,0,41
466810,2,BNK 2차전지양극재,5120,5,-140,-2.66,5105.0,-22.7753,3977,20,41
407170,2,KCGI 스마트커머스액티브,8140,5,-90,-1.09,8144.0,-1.0936,119,0,41
381570,2,HANARO Fn친환경에너지,6230,5,-95,-1.5,6209.0,-18.6685,565,3,40
486780,3,HANARO 200선물레버리지1.5X,10490,5,-335,-3.09,10652.0,-13.5915,102,1,40
266390,2,KODEX 경기소비재,7880,5,-130,-1.62,7908.0,-7.5118,2428,19,39
244670,2,KODEX 밸류Plus,7875,5,-65,-0.82,7906.0,-2.4768,41,0,39
473380,2,HANARO K-메디테크,8690,5,-260,-2.91,8714.0,-1.0814,3037,26,39
438210,4,PLUS 글로벌AI,15295,5,-400,-2.55,15427.0,31.9103,5245,80,38
487750,2,BNK 온디바이스AI,6835,5,-200,-2.84,6876.0,-4.8713,3276,22,38
253240,3,KOSEF 200선물인버스,6255,2,90,1.46,6235.0,8.5937,16847,105,38
220130,4,SOL 차이나강소기업CSI500(합성 H),4680,2,60,1.3,4694.0,29.2817,2921,13,37
429870,7,히어로즈 리츠이지스액티브,6770,5,-40,-0.59,6772.0,-13.78,175,1,37
433250,1,UNICORN R&D 액티브,10520,5,-120,-1.13,10523.0,-8.0018,8,0,37
367740,2,HANARO Fn5G산업,11825,5,-250,-2.07,11822.0,-7.4654,103,1,35
486790,3,HANARO 코스닥150선물레버리지1.5X,9830,5,-365,-3.58,9904.0,-20.1463,983,9,35
147970,2,TIGER 모멘텀,29010,5,-485,-1.64,29081.0,-2.1421,203,5,35
277650,2,TIGER 코스피중형주,13575,5,-190,-1.38,13597.0,-6.1204,26,0,34
476000,2,UNICORN 포스트IPO액티브,6085,5,-15,-0.25,6070.0,-17.2109,35,0,33
139310,5,TIGER 금속선물(H),5480,5,-65,-1.17,5511.0,-6.4847,1405,7,33
411720,4,RISE 글로벌메타버스,16365,5,-385,-2.3,16534.0,17.06,522,8,33
140570,2,RISE 수출주,10865,5,-155,-1.41,10889.0,-6.4572,20,0,33
334700,5,RISE 팔라듐선물인버스(H),6305,2,40,0.64,6366.0,14.3245,1601,10,32
280940,5,KODEX 골드선물인버스(H),5685,2,25,0.44,5705.0,1.0666,15884,90,31
314700,2,HANARO 농업융복합산업,8890,5,-175,-1.93,8912.0,-7.4441,300,2,31
139240,2,TIGER 200 철강소재,8585,5,-340,-3.81,8704.0,6.3026,22235,191,31
469790,2,KOSEF K-테크TOP10,10120,5,-190,-1.84,10169.0,-2.033,385,3,30
145670,3,ACE 인버스,6015,2,95,1.6,5999.0,8.7703,2620,15,30
426330,4,KOSEF 미국ETF산업STOXX,14970,5,-55,-0.37,14987.0,12.303,161,2,30
304760,1,HANARO KRX300,14680,5,-335,-2.23,14773.0,-8.5359,35049,518,29
266550,2,PLUS 중형주저변동50,11730,5,-160,-1.35,11731.0,-5.5176,20,0,29
448510,4,HANARO 글로벌신재생에너지MSCI(합성),7115,5,-40,-0.56,7119.0,-3.8514,46,0,28
391670,1,HK 베스트일레븐액티브,8080,5,-175,-2.12,8101.0,-10.866,18,0,28
098560,2,TIGER 방송통신,7210,2,145,2.05,7212.0,7.1004,13167,94,27
427120,2,RISE 플랫폼테마,6505,5,-295,-4.34,6542.0,19.4674,5059,33,27
433860,7,PLUS TDF2040액티브,12795,5,-40,-0.31,12774.0,4.5343,124,1,27
275750,3,RISE 코스닥150선물인버스,4340,2,110,2.6,4326.0,13.0208,22393,96,26
433870,7,PLUS TDF2050액티브,14020,2,105,0.75,14005.0,7.8876,797,11,25
465620,4,ACE 미국빅테크TOP7 Plus인버스(합성),10090,2,30,0.3,9990.0,-19.7296,3593,36,25
243890,2,TIGER 200에너지화학레버리지,3345,5,-110,-3.18,3315.0,-30.817,9999,32,25
433850,7,PLUS TDF2030액티브,12330,3,0,0.0,12321.0,4.1825,586,7,25
291630,3,KOSEF 코스닥150선물레버리지,3135,5,-140,-4.27,3135.0,-26.6667,51273,162,24
476260,2,HANARO 반도체핵심공정주도주,5320,5,-190,-3.45,5314.0,-19.6982,766,4,24
469580,6,RISE KP달러채권액티브,57850,2,60,0.1,57782.0,8.6895,122,7,23
301410,3,PLUS 코스닥150선물인버스,6545,2,175,2.75,6546.0,13.1374,6517,42,23
415920,5,PLUS 글로벌희토류&전략자원생산기업,4065,5,-65,-1.57,4041.0,8.1117,2225,8,22
261060,2,TIGER 코스닥150IT,10990,5,-300,-2.66,11022.0,-7.995,9422,103,22
482030,2,KoAct 테크핵심소재공급망액티브,5855,5,-115,-1.93,5873.0,-16.4169,186,1,20
470310,2,UNICORN 생성형AI강소기업액티브,7010,5,-200,-2.77,6999.0,-3.9068,214,1,18
432850,4,HANARO 글로벌백신치료제MSCI,11070,5,-65,-0.58,11105.0,-7.6731,101,1,17
472490,4,HANARO 미국애그테크,11030,5,-245,-2.17,11278.0,3.403,917,10,17
407300,2,HANARO Fn골프테마,5200,5,-30,-0.57,5215.0,-9.4866,100006,521,16
412560,2,TIGER BBIG레버리지,1946,2,3,0.15,1896.0,-11.5455,13774,26,16
407310,1,HANARO 200 TOP10,7760,5,-130,-1.65,7797.0,-7.7838,403,3,16
227550,2,TIGER 200 산업재,6335,5,-105,-1.63,6326.0,-7.0433,564,3,15
306530,3,HANARO 코스닥150선물레버리지,6285,5,-365,-5.49,6300.0,-26.6628,6532,41,15
429990,7,SOL 한국형글로벌플랫폼&메타버스액티브,16485,2,45,0.27,16492.0,22.2469,33,0,10
427110,2,RISE 창업투자회사,6260,5,-230,-3.54,6258.0,0.8863,3011,19,8
