Code,Name,Volatility,TotalReturn,AvgReturn,Sector,Volume,Amount,Marcap,Risk
459580,KODEX CD금리액티브(합성),0.01,0.25,0.01423588803165633,채권,417991,442666,92448,1
360750,TIGER 미국S&P500,1.07,-0.07,0.0850987086387694,해외주식,3479045,75735,72238,2
357870,TIGER CD금리투자KIS(합성),0.01,0.24,0.0135315352587706,채권,330704,18354,63284,1
069500,KODEX 200,1.45,5.71,0.1784442229797869,국내 시장지수,4895701,161915,57494,2
133690,TIGER 미국나스닥100,1.46,1.01,0.18120801569299566,해외주식,218886,30556,45134,2
488770,KODEX 머니마켓액티브,0.01,0.28,0.015878676739765493,기타,89804,9125,44362,1
423160,KODEX KOFR금리액티브(합성),0.01,0.25,0.014016083247165363,채권,41249,4502,43739,1
449170,TIGER KOFR금리액티브(합성),0.01,0.24,0.013692837851086992,채권,152550,16423,35146,1
379800,KODEX 미국S&P500TR,1.07,-0.15,0.08251519296108938,해외주식,2371342,47342,35021,2
381170,TIGER 미국테크TOP10 INDXX,1.58,4.46,0.3849492127291064,해외주식,2289671,58851,32143,2
273130,KODEX 종합채권(AA-이상)액티브,0.3,-0.72,-0.019326676554496134,채권,102498,11941,28145,1
381180,TIGER 미국필라델피아반도체나스닥,2.02,5.52,0.3976961497380805,해외주식,1235363,24775,27196,3
122630,KODEX 레버리지,2.89,10.57,0.313831064550639,국내파생,22524938,332822,24647,3
278530,KODEX 200TR,1.45,5.65,0.17906174068378966,국내 시장지수,411231,4782,23469,2
455890,RISE 머니마켓액티브,0.02,0.28,0.015599071229251601,채권,420514,22500,21926,1
310970,TIGER MSCI Korea TR,1.57,5.73,0.18888139557012854,국내 시장지수,4439,61,21184,2
458730,TIGER 미국배당다우존스,0.77,-1.59,-0.04394242119560484,해외주식,1641732,21194,19732,1
102110,TIGER 200,1.46,5.64,0.1759063680128631,국내 시장지수,2771955,91810,19382,2
233740,KODEX 코스닥150레버리지,4.36,20.55,0.5821003673257485,국내파생,33560803,246679,18841,3
481050,KODEX CD1년금리플러스액티브(합성),0.01,0.25,0.014207545593778213,채권,17182,17566,18153,1
453850,ACE 미국30년국채액티브(H),0.64,-7.57,-0.43089041140500556,채권,2536793,19756,17983,1
379810,KODEX 미국나스닥100TR,1.48,1.06,0.18415183619581413,해외주식,1080873,22640,17376,2
371460,TIGER 차이나전기차SOLACTIVE,1.61,-4.7,-0.21640947594110635,해외주식,1419978,12878,16913,2
360200,ACE 미국S&P500,1.07,-0.11,0.08427106340639862,해외주식,722388,15896,16588,2
214980,KODEX 단기채권PLUS,0.02,0.26,0.014752827573859416,채권,29325,3317,16001,1
385540,RISE 종합채권(A-이상)액티브,0.26,-0.69,-0.026838770859590372,채권,1107,119,13408,1
453540,TIGER 25-10 회사채(A+이상)액티브,0.02,0.29,0.017463899199597774,채권,175205,9490,13052,1
367380,ACE 미국나스닥100,1.47,1.01,0.1831973973951468,해외주식,497927,11942,12885,2
229200,KODEX 코스닥150,2.3,10.82,0.3119292221178503,국내 시장지수,6261304,74291,12341,3
476550,TIGER 미국30년국채커버드콜액티브(H),0.68,-7.3,-0.4121427039446013,채권,2733148,22979,11600,1
252670,KODEX 200선물인버스2X,2.93,-11.01,-0.3196307183578988,국내파생,142107610,344735,10990,3
494900,TIGER 25-12 금융채(AA-이상),0.02,0.26,0.014896286182316778,채권,13314,671,10758,1
148020,RISE 200,1.45,5.65,0.17813355458763025,국내 시장지수,828456,27710,10605,2
475630,TIGER CD1년금리액티브(합성),0.01,0.25,0.01437504896066619,기타,37436,38683,10471,1
102780,KODEX 삼성그룹,1.5,4.3,0.07507734407266538,국내 업종/테마,297725,2440,10249,2
491080,KODEX 25-12 은행채(AAA)액티브,0.02,0.26,0.014548660656102077,채권,580,58,9994,1
305720,KODEX 2차전지산업,2.69,0.75,-0.18293558571808718,국내 업종/테마,1886943,23961,9887,3
476810,KODEX 25-11 은행채(AA-이상)PLUS액티브,0.05,0.29,0.013381735794588186,채권,17713,184,9647,1
368590,RISE 미국나스닥100,1.48,0.98,0.17930793149276086,해외주식,219397,5087,9415,2
458760,TIGER 미국배당다우존스타겟커버드콜2호,0.67,-0.49,0.019868633574430004,해외주식,1017322,11163,9161,1
305540,TIGER 2차전지테마,2.68,0.32,-0.18313299893057833,국내 업종/테마,1221112,19015,8961,3
278540,KODEX MSCI Korea TR,1.41,5.6,0.1844792021331778,국내 시장지수,25772,284,8770,2
477080,RISE CD금리액티브(합성),0.01,0.26,0.014615037413793589,채권,9829,1010,8348,1
436140,SOL 종합채권(AA-이상)액티브,0.27,-0.76,-0.022738664019312918,채권,105,11,8309,1
446720,SOL 미국배당다우존스,0.8,-1.73,-0.0455460663391675,해외주식,503428,5965,7774,1
379780,RISE 미국S&P500,1.06,-0.05,0.08015486440249359,해외주식,357994,6796,7744,2
356540,ACE 종합채권(AA-이상)KIS액티브,0.3,-0.82,-0.024836406630580128,채권,6060,645,7466,1
157450,TIGER 단기통안채,0.01,0.23,0.012726844559342773,채권,9272,1013,7460,1
315930,KODEX Top5PlusTR,1.6,7.76,0.3480713330858581,국내 업종/테마,22568,482,7362,2
457480,ACE 테슬라밸류체인액티브,4.12,3.99,0.6559162174280091,해외주식,2564531,47893,7225,3
453870,TIGER 인도니프티50,0.72,-2.74,-0.1081016093156078,해외주식,600739,8299,7145,1
294400,KOSEF 200TR,1.44,5.57,0.16659719212995372,국내 시장지수,48490,2048,7130,2
153130,KODEX 단기채권,0.02,0.23,0.01365380075928593,채권,11166,1251,6916,1
329750,TIGER 미국달러단기채권액티브,0.51,2.49,0.21286441398822545,채권,465376,6138,6489,1
451540,TIGER 종합채권(AA-이상)액티브,0.27,-0.75,-0.02697866932204566,채권,7292,406,6484,1
458250,TIGER 미국30년국채스트립액티브(합성 H),1.14,-12.91,-0.7699690381689894,채권,331380,13024,6390,2
411060,ACE KRX금현물,0.84,4.9,0.3177161896750701,원자재,634415,11599,6348,1
314250,KODEX 미국빅테크10(H),1.74,2.13,0.20900149914352092,해외주식,164816,7831,6151,2
396500,TIGER Fn반도체TOP10,2.31,18.75,0.8713117705207822,국내 업종/테마,1525323,15466,5969,3
486290,TIGER 미국나스닥100타겟데일리커버드콜,1.42,0.88,0.16965706324936583,해외주식,1163479,12246,5879,2
329200,TIGER 리츠부동산인프라,1.35,5.24,0.1590765718016239,국내 업종/테마,666866,2742,5871,2
465580,ACE 미국빅테크TOP7 Plus,1.71,6.02,0.49614133292514295,해외주식,976482,18606,5837,2
402970,ACE 미국배당다우존스,0.8,-1.68,-0.04762362821129876,해외주식,493508,6467,5832,1
152100,PLUS 200,1.5,5.65,0.1781369445156765,국내 시장지수,434083,14659,5721,2
456610,TIGER 미국달러SOFR금리액티브(합성),0.49,2.53,0.2131613171838403,채권,33322,1992,5569,1
371160,TIGER 차이나항셍테크,1.74,1.06,0.10017131115143561,해외주식,473660,3422,5557,2
139260,TIGER 200 IT,2.04,10.53,0.4741176393938914,국내 업종/테마,96270,2681,5485,3
390390,KODEX 미국반도체MV,1.87,5.09,0.35471976262388405,해외주식,295610,7537,5261,3
091160,KODEX 반도체,2.41,20.25,0.8779523688372062,국내 업종/테마,1315511,41865,5248,3
272580,TIGER 단기채권액티브,0.01,0.27,0.014647849915191044,채권,30107,1657,5107,1
114800,KODEX 인버스,1.52,-5.43,-0.1491984961803521,국내파생,16353106,76055,5081,2
469830,SOL 초단기채권액티브,0.01,0.27,0.014849319420532728,채권,137854,7231,5017,1
292150,TIGER TOP10,1.54,7.73,0.3555730834425539,국내 업종/테마,141386,1547,4870,2
481060,KODEX 미국30년국채타겟커버드콜(합성 H),0.63,-7.43,-0.4206323185774889,채권,981381,8948,4853,1
091180,KODEX 자동차,1.7,6.09,0.2504809968148077,국내 업종/테마,169631,3077,4827,2
453810,KODEX 인도Nifty50,0.72,-2.99,-0.11962845156451049,해외주식,364325,5153,4755,1
466920,SOL 조선TOP3플러스,2.67,22.01,0.9486898968303525,국내 업종/테마,2220749,33484,4697,3
114260,KODEX 국고채3년,0.15,-0.03,0.008642852859180872,채권,53455,3306,4636,1
161510,PLUS 고배당주,1.23,-1.64,-0.2649450116054423,국내 업종/테마,449781,6447,4501,2
474220,TIGER 미국테크TOP10타겟커버드콜,1.06,5.91,0.4350523954289574,해외주식,817790,12294,4477,2
462010,TIGER 2차전지소재Fn,3.15,-3.45,-0.3363188408201514,국내 업종/테마,4600321,19128,4461,3
455030,KODEX 미국달러SOFR금리액티브(합성),0.47,2.61,0.21639091344303504,채권,611800,7579,4451,1
439870,KODEX 국고채30년액티브,0.87,-3.21,-0.12104390414564754,채권,27274,3279,4430,2
196230,RISE 단기통안채,0.01,0.22,0.013425665669295853,채권,9265,1055,4283,1
293180,HANARO 200,1.46,5.57,0.1695500978519171,국내 시장지수,367924,12287,4245,2
226490,KODEX 코스피,1.42,5.64,0.15826558663840637,국내 시장지수,128007,3253,4077,2
477050,PLUS 머니마켓액티브,0.01,0.25,0.01512173301699344,채권,3020,155,3956,1
251350,KODEX 선진국MSCI World,1.02,-0.67,0.03303896606117123,해외주식,108585,3436,3940,2
446770,ACE 글로벌반도체TOP4 Plus SOLACTIVE,1.68,6.2,0.4048501017236485,해외주식,564205,15226,3859,2
471230,KODEX 국고채10년액티브,0.42,-1.8,-0.07497109997666852,채권,69709,7816,3835,1
441680,TIGER 미국나스닥100커버드콜(합성),0.81,4.95,0.33666174212903893,기타,328467,3834,3804,1
479080,1Q 머니마켓액티브,0.01,0.29,0.016190986874743532,채권,21533,1109,3782,1
105190,ACE 200,1.48,5.54,0.1717306907534491,국내 시장지수,27643,921,3729,2
472870,RISE 미국30년국채엔화노출(합성 H),1.0,-10.25,-0.5502861614502154,채권,1399589,11737,3725,2
148070,KOSEF 국고채10년,0.41,-1.85,-0.07367535095642401,채권,19990,2276,3723,1
491610,1Q CD금리액티브(합성),0.01,0.26,0.014872873213453739,채권,5537,559,3663,1
483280,KODEX 미국AI테크TOP10타겟커버드콜,1.49,5.86,0.44302179466020203,해외주식,767401,9196,3617,2
454780,히어로즈 종합채권(AA-이상)액티브,0.29,-0.65,-0.02297393332120386,채권,1501,160,3551,1
449180,KODEX 미국S&P500(H),1.05,-2.33,-0.11389328039323836,해외주식,1387078,19170,3521,2
385560,RISE KIS국고채30년Enhanced,1.18,-4.46,-0.17353286101489734,채권,61227,5023,3476,2
302190,TIGER 중장기국채,0.27,-0.93,-0.03657643122870572,채권,23142,1197,3393,1
447770,TIGER 테슬라채권혼합Fn,2.07,1.55,0.27165150699978036,기타,865696,12582,3385,3
448290,TIGER 미국S&P500TR(H),1.05,-2.29,-0.11176941135746768,해외주식,922360,13200,3359,2
473290,KODEX 26-12 회사채(AA-이상)액티브,0.06,0.33,0.023634478520895903,채권,49249,522,3354,1
476450,히어로즈 머니마켓액티브,0.01,0.26,0.015612960028446279,채권,447,23,3341,1
364980,TIGER 2차전지TOP10,2.42,-0.29,-0.19817837299036764,국내 업종/테마,8307085,71847,3212,3
449190,KODEX 미국나스닥100(H),1.43,-1.24,-0.01675346442099881,해외주식,455254,7622,3186,2
091170,KODEX 은행,1.62,-0.72,-0.24858268518602245,국내 업종/테마,408115,3351,3184,2
456600,TIMEFOLIO 글로벌AI인공지능액티브,2.77,5.1,0.5034354633581928,해외주식,311503,8682,3169,3
484790,KODEX 미국30년국채액티브(H),0.67,-7.79,-0.44471192374952817,채권,983781,8911,3099,1
489250,KODEX 미국배당다우존스,0.79,-1.5,-0.039414366328247324,해외주식,772017,8581,3000,1
394660,TIGER 글로벌자율주행&전기차SOLACTIVE,1.48,2.44,0.24356110481155774,해외주식,46646,537,2961,2
069660,KOSEF 200,1.48,5.69,0.1774986102731703,국내 시장지수,37721,1239,2961,2
439860,KODEX ESG종합채권(A-이상)액티브,0.17,0.48,0.025141861293026535,채권,13535,1537,2930,1
304660,KODEX 미국30년국채울트라선물(H),0.62,-8.0,-0.4640252939921257,채권,225414,1682,2913,1
467940,KODEX 25-11 회사채(A+이상)액티브,0.06,0.33,0.015577551261061442,채권,16141,173,2737,1
143860,TIGER 헬스케어,2.32,11.57,0.3891090751648896,국내 업종/테마,97812,3642,2715,3
451000,PLUS 종합채권(AA-이상)액티브,0.33,-0.82,-0.017811847742828697,채권,10,1,2654,1
475720,RISE 200위클리커버드콜,1.12,2.49,0.02323034943489831,국내파생,778571,6530,2576,2
438330,TIGER 투자등급회사채액티브,0.15,-0.03,0.005672823486561433,채권,10240,1176,2530,1
449450,PLUS K방산,2.98,22.61,0.8027927547531326,국내 업종/테마,352280,7010,2514,3
487230,KODEX 미국AI전력핵심인프라,2.11,-0.55,0.043687713567329575,해외주식,613045,8292,2490,3
455850,SOL AI반도체소부장,2.89,24.63,1.0242679916794502,국내 업종/테마,296922,3245,2487,3
482730,TIGER 미국S&P500타겟데일리커버드콜,1.07,-0.27,0.07788080469911035,해외주식,457985,5229,2478,2
394670,TIGER 글로벌리튬&2차전지SOLACTIVE(합성),1.43,-4.51,-0.2258748359340177,해외주식,132002,867,2444,2
241180,TIGER 일본니케이225,1.15,-2.06,-0.03891689359340354,해외주식,47676,1048,2441,2
487340,ACE CD금리&초단기채권액티브,0.01,0.27,0.015554494854830292,채권,23058,2352,2441,1
466940,TIGER 은행고배당플러스TOP10,1.52,-0.76,-0.23847072550894907,국내 업종/테마,800164,10855,2360,2
423920,TIGER 미국필라델피아반도체레버리지(합성),3.94,9.19,0.7266883249219127,해외주식,182859,4929,2357,3
245710,ACE 베트남VN30(합성),0.68,2.0,0.1408004996649078,해외주식,39806,864,2346,1
426030,TIMEFOLIO 미국나스닥100액티브,2.6,-0.97,0.18045719404706786,해외주식,318591,8755,2343,3
480260,TIGER 27-04회사채(A+이상)액티브,0.09,0.18,0.01336061273618578,채권,11175,583,2331,1
452360,SOL 미국배당다우존스(H),0.82,-3.96,-0.24014212914950717,해외주식,323938,3630,2323,1
475080,KODEX 테슬라커버드콜채권혼합액티브,1.01,0.74,0.10445279762428632,기타,379766,3753,2313,2
200250,KOSEF 인도Nifty50(합성),0.68,-2.74,-0.09884454455155857,해외주식,30948,801,2304,1
488980,SOL 26-12 회사채(AA-이상)액티브,0.06,0.29,0.016449281293947873,채권,17861,907,2295,1
388420,RISE 비메모리반도체액티브,2.33,23.32,0.9856067734447191,국내 업종/테마,142353,1457,2283,3
365780,ACE 국고채10년,0.41,-1.77,-0.07319421958572418,채권,15751,1412,2262,1
091230,TIGER 반도체,2.45,20.24,0.887317400002814,국내 업종/테마,199671,6545,2254,3
479520,RISE KOFR금리액티브(합성),0.01,0.24,0.01385156458723058,채권,1642,168,2247,1
466950,TIGER 글로벌AI액티브,2.51,-0.1,0.1730005887135862,해외주식,187272,3589,2216,3
448300,TIGER 미국나스닥100TR(H),1.42,-1.26,-0.009624048946199639,해외주식,429340,7402,2200,2
438080,ACE 미국S&P500채권혼합액티브,0.47,1.81,0.16764560201919088,기타,507243,6706,2193,1
361580,RISE 200TR,1.43,5.52,0.16633129763812873,국내 시장지수,64031,1164,2157,2
488500,TIGER 미국S&P500동일가중,0.97,-2.39,-0.058161468458078285,해외주식,119365,1315,2134,2
463290,1Q 단기금융채액티브,0.01,0.26,0.014427705126400051,채권,4433,470,2132,1
290130,RISE ESG사회책임투자,1.72,7.98,0.2384833548362818,국내 업종/테마,18838,233,2108,2
494890,KODEX 200액티브,1.48,6.27,0.2173174386291628,국내 시장지수,371015,3550,2088,2
251340,KODEX 코스닥150선물인버스,2.32,-10.29,-0.30368197540112907,국내파생,31315607,123932,2049,3
367770,RISE 수소경제테마,1.8,8.96,0.31990640378120727,국내 업종/테마,21366,183,2021,2
495850,KODEX 코리아밸류업,1.35,6.31,0.20135385222723737,국내 시장지수,237914,2282,1953,2
473330,SOL 미국30년국채커버드콜(합성),0.52,-2.01,-0.06236550276128819,채권,421397,4134,1951,1
372330,KODEX 차이나항셍테크,1.64,1.13,0.10672386656554332,해외주식,227306,1635,1945,2
395270,HANARO Fn K-반도체,2.09,17.93,0.8290172008081649,국내 업종/테마,193262,1880,1931,3
497570,TIGER 미국필라델피아AI반도체나스닥,2.08,7.91,0.51841827024679,해외주식,1204328,13777,1913,3
228790,TIGER 화장품,2.79,12.79,0.46559524192549834,국내 업종/테마,2182119,5921,1912,3
462330,KODEX 2차전지산업레버리지,5.59,0.53,-0.3559647616689057,국내 업종/테마,8788761,11567,1897,3
472160,TIGER 미국테크TOP10 INDXX(H),1.53,2.05,0.19267115503556384,해외주식,897637,13799,1895,2
456880,ACE 미국달러SOFR금리(합성),0.47,2.5,0.21181765175648393,기타,104623,1267,1873,1
272560,RISE 단기국공채액티브,0.02,0.24,0.01394906618504832,채권,3261,364,1872,1
329650,KODEX TRF3070,0.34,-0.4,0.002582157723368672,기타,102770,1396,1858,1
409820,KODEX 미국나스닥100레버리지(합성 H),2.83,-3.5,-0.06793358879082503,해외주식,215918,2676,1844,3
490490,SOL 미국배당미국채혼합50,0.54,-1.49,-0.02227397983732467,기타,556694,5877,1781,1
273140,KODEX 단기변동금리부채권액티브,0.02,0.24,0.014038308804022027,채권,1894,213,1780,1
132030,KODEX 골드선물(H),0.93,-0.59,-0.028853082698829555,원자재,149167,2393,1758,2
295040,SOL 200TR,1.55,5.79,0.17620534173316674,국내 시장지수,6638,80,1750,2
480020,ACE 미국빅테크7+데일리타겟커버드콜(합성),1.54,3.32,0.3333125900046036,해외주식,472094,5967,1744,2
282000,RISE 국고채3년선물인버스,0.14,0.68,0.029092724050447074,국내파생,4,0,1713,1
476690,TIGER 글로벌비만치료제TOP2Plus,1.21,-5.5,-0.22104219316394813,해외주식,117270,1154,1712,2
277630,TIGER 코스피,1.41,5.62,0.1576366214873997,국내 시장지수,162381,4177,1706,2
473460,KODEX 미국서학개미,2.84,5.79,0.5400028789814579,해외주식,1320032,26230,1700,3
458210,히어로즈 CD금리액티브(합성),0.01,0.25,0.013934770577924324,기타,2689,284,1687,1
261260,KODEX 미국달러선물인버스2X,0.93,-4.5,-0.3896388666004656,기타,402117,2040,1680,2
143850,TIGER 미국S&P500선물(H),1.04,-2.68,-0.13477534390338164,해외주식,20653,1325,1639,2
472170,TIGER 미국테크TOP10채권혼합,0.77,1.55,0.12675982783010176,기타,339381,4424,1633,1
483230,RISE 25-06 은행채(AA+이상)액티브,0.02,0.25,0.015263808849196807,채권,161,8,1629,1
481180,SOL 미국AI소프트웨어,1.76,-4.98,-0.10786787531958694,해외주식,456172,6114,1628,2
192090,TIGER 차이나CSI300,1.47,-3.34,-0.1725438966295456,해외주식,244970,2436,1600,2
464930,TIGER 글로벌혁신블루칩TOP10,1.17,0.49,0.14134066827462913,해외주식,19320,313,1587,2
499660,TIGER CD금리플러스액티브(합성),0.01,0.17,0.015897131234988603,기타,103592,103711,1572,1
461490,RISE 글로벌자산배분액티브,0.45,0.31,0.0545251579748465,기타,174922,2277,1571,1
190620,ACE 단기통안채,0.01,0.24,0.01384695069841081,채권,3587,360,1565,1
435420,TIGER 미국나스닥100TR채권혼합Fn,0.54,-0.19,0.03560463130180115,기타,181638,2363,1510,1
479730,TIGER 인도빌리언컨슈머,0.85,-0.37,-0.017404903150934164,해외주식,107957,1164,1508,1
434060,KODEX TDF2050액티브,0.71,-0.82,0.0138539487498806,기타,197547,2869,1503,1
461460,PLUS 국고채10년액티브,0.45,-1.97,-0.07554660045084687,채권,529,29,1493,1
461270,ACE 26-06 회사채(AA-이상)액티브,0.06,0.37,0.015322173768919336,채권,21394,233,1491,1
305080,TIGER 미국채10년선물,0.51,-0.55,0.056103481890286876,채권,184135,2344,1488,1
363570,KODEX 장기종합채권(AA-이상)액티브,0.49,-1.32,-0.06303498378594785,채권,1470,148,1482,1
448540,ACE 엔비디아채권혼합블룸버그,0.89,1.99,0.1009643733766108,기타,140695,3200,1481,2
448600,RISE 25-11 회사채(AA-이상)액티브,0.03,0.27,0.014828038503349338,채권,7008,368,1476,1
244580,KODEX 바이오,2.95,17.01,0.5528552062306556,국내 업종/테마,378796,3097,1473,3
451530,TIGER 국고채30년스트립액티브,1.36,-5.23,-0.20427154202441208,채권,49756,2989,1470,2
480310,TIGER 글로벌온디바이스AI,1.5,2.6,0.24446079901696255,해외주식,102624,1133,1442,2
422420,RISE 2차전지액티브,2.56,0.6,-0.1607274803392893,국내 업종/테마,127327,846,1432,3
182480,TIGER 미국MSCI리츠(합성 H),1.35,-4.31,-0.242129977666712,기타,53744,686,1417,2
364960,TIGER BBIG,1.87,1.61,-0.09784177616191843,국내 업종/테마,40118,239,1410,3
483320,ACE 엔비디아밸류체인액티브,2.27,6.15,0.39897732462034763,해외주식,1338827,13980,1409,3
414780,TIGER 차이나과창판STAR50(합성),2.41,-4.97,-0.3124078647978201,해외주식,82724,634,1397,3
219480,KODEX 미국S&P500선물(H),1.07,-2.74,-0.13671624500012608,해외주식,6861,183,1393,2
481190,SOL 미국테크TOP10,1.55,4.51,0.38392482738716155,해외주식,179441,2492,1390,2
458260,TIGER 미국투자등급회사채액티브(H),0.38,-3.57,-0.19150653218750324,채권,32730,1577,1377,1
476800,KODEX 한국부동산리츠인프라,1.15,4.96,0.1274443344082098,기타,1032322,4775,1333,2
441640,KODEX 미국배당커버드콜액티브,0.81,-1.29,-0.012955870093997148,해외주식,355456,4308,1327,1
309230,ACE 미국WideMoat동일가중,0.92,-2.3,-0.04162075410466229,해외주식,38775,1080,1327,2
433330,SOL 미국S&P500,1.18,-0.74,0.08203064544156585,해외주식,68167,1238,1308,2
364970,TIGER 바이오TOP10,2.4,8.78,0.2720592632351378,국내 업종/테마,431224,3124,1279,3
480030,ACE 미국500데일리타겟커버드콜(합성),0.96,-0.52,0.061162864995409655,해외주식,580138,6508,1266,2
494300,KODEX 미국나스닥100데일리커버드콜OTM,1.31,-0.4,0.0989143696221384,해외주식,975915,10417,1260,2
492500,1Q 현대차그룹채권(A+이상)&국고통안,0.08,0.27,0.011046661725040553,기타,358,18,1248,1
326240,RISE IT플러스,1.9,6.45,0.23674548011762642,국내 업종/테마,6305,93,1227,3
462900,KoAct 바이오헬스케어액티브,3.1,13.11,0.394553169733941,국내 업종/테마,693149,9298,1225,3
455860,SOL 2차전지소부장Fn,3.04,-1.35,-0.3034981279215335,국내 업종/테마,238421,959,1215,3
461500,HANARO 종합채권(AA-이상)액티브,0.33,-0.62,-0.025248326206879963,채권,41522,4696,1215,1
490090,TIGER 미국AI빅테크10,1.38,4.45,0.3395653660465718,해외주식,231024,2846,1213,2
491230,PLUS 국공채머니마켓액티브,0.01,0.31,0.017581537898591564,채권,1688,85,1201,1
493810,TIGER 미국AI빅테크10타겟데일리커버드콜,1.38,4.43,0.3482803952856852,해외주식,470700,5444,1197,2
483290,KODEX 미국배당다우존스타겟커버드콜,0.64,0.24,0.04855341099799978,해외주식,230210,2479,1184,1
485540,KODEX 미국AI테크TOP10,1.57,5.41,0.3984608372901587,해외주식,309558,3709,1181,2
418660,TIGER 미국나스닥100레버리지(합성),2.96,1.28,0.3375296764314854,해외주식,178395,4889,1177,3
496080,TIGER 코리아밸류업,1.39,6.29,0.2131717099016408,국내 시장지수,484322,4660,1176,2
438570,SOL 국고채10년,0.38,-1.79,-0.07862887081760109,채권,218,23,1175,1
475260,ACE 2월만기자동연장회사채AA-이상액티브,0.06,0.29,0.018755852038973255,채권,1145,11,1172,1
462540,SOL 25-09 회사채(AA-이상)액티브,0.02,0.31,0.01714639952011512,채권,4951,265,1156,1
232080,TIGER 코스닥150,2.25,10.82,0.3155867429034892,국내 시장지수,228721,2775,1148,3
466400,1Q 25-08 회사채(A+이상)액티브,0.02,0.28,0.01583966427201723,채권,56,5,1133,1
438100,ACE 미국나스닥100채권혼합액티브,0.57,2.19,0.20072607731750902,기타,394664,5443,1130,1
412770,TIGER 글로벌메타버스액티브,1.12,-0.34,0.05526286930374787,해외주식,27174,321,1117,2
328370,PLUS 코스피TR,1.42,6.05,0.20305760740708728,국내 시장지수,68,0,1108,2
304940,KODEX 미국나스닥100선물(H),1.42,-1.74,-0.042745848214468,해외주식,26082,646,1103,2
465350,RISE 2차전지TOP10인버스(합성),2.6,0.74,0.25403523855848464,국내파생,562185,19559,1100,3
168580,ACE 중국본토CSI300,1.35,-3.63,-0.1609887658333278,해외주식,7325,199,1100,2
245340,TIGER 미국다우존스30,0.88,-2.08,-0.057225108285213766,해외주식,23918,736,1090,2
275980,TIGER 글로벌4차산업혁신기술(합성 H),1.3,-4.42,-0.2097401910981579,해외주식,17655,297,1078,2
437080,KODEX 미국종합채권ESG액티브(H),0.28,-2.49,-0.1280202709964663,채권,6282,630,1076,1
270810,RISE 코스닥150,2.24,10.27,0.3013747218618301,국내 시장지수,57477,677,1075,3
495710,BNK 26-06 특수채(AAA이상)액티브,0.04,0.33,0.018295594570482625,채권,4,0,1061,1
465780,마이티 26-09 특수채(AAA)액티브,0.06,0.41,0.02210569531658768,채권,2,0,1057,1
476750,ACE 미국30년국채엔화노출액티브(H),0.93,-10.13,-0.5272930679568003,채권,155384,1401,1055,2
157490,TIGER 소프트웨어,2.03,0.76,-0.1346396267889966,국내 업종/테마,121006,962,1051,3
489870,히어로즈 25-09 회사채(AA-이상)액티브,0.02,0.26,0.015415393160461081,채권,0,0,1051,1
486450,SOL 미국AI전력인프라,2.55,0.46,0.1302791481874597,해외주식,423102,5930,1047,3
487240,KODEX AI전력핵심설비,2.38,15.47,0.6269353430948711,국내 업종/테마,776189,7530,1023,3
498180,파워 종합채권(AA-이상)액티브,0.33,-0.62,-0.01236243531006055,채권,108,10,1023,1
130730,KOSEF 단기자금,0.01,0.27,0.014838108693392292,채권,6809,691,1021,1
401470,KODEX K-메타버스액티브,1.82,2.13,-0.09463185768651927,국내 업종/테마,25654,165,1021,2
451060,1Q K200액티브,1.53,5.63,0.17070950806885032,국내 시장지수,18977,200,1018,2
445290,KODEX K-로봇액티브,3.11,17.43,0.6882202327789955,국내 업종/테마,1135736,15315,1013,3
472920,HK 종합채권(AA-이상)액티브,0.24,-0.58,-0.025038796071831362,채권,0,0,1008,1
471990,KODEX AI반도체핵심장비,3.0,28.02,1.196901644291997,국내 업종/테마,620937,5951,1007,3
401170,RISE 메타버스,2.11,4.81,0.05483032542391326,국내 업종/테마,9850,56,1006,3
441800,TIMEFOLIO Korea플러스배당액티브,1.3,2.6,-0.02619470623289784,국내 시장지수,126078,1623,996,2
465610,ACE 미국빅테크TOP7 Plus레버리지(합성),3.39,11.25,0.9163723855403452,해외주식,88865,2836,990,3
463050,TIMEFOLIO K바이오액티브,3.12,13.87,0.43701242316656796,국내 업종/테마,180563,2100,989,3
461260,ACE 25-06 회사채(AA-이상)액티브,0.05,0.19,0.0077808754931820955,채권,7788,83,987,1
429000,TIGER 미국S&P500배당귀족,0.8,-3.59,-0.15664745790880027,해외주식,58391,728,986,1
498270,KOSEF 미국양자컴퓨팅,3.94,3.83,0.1794885913294251,해외주식,1664599,17311,980,3
228800,TIGER 여행레저,1.83,4.01,-0.03963267327043379,국내 업종/테마,84354,249,968,2
302450,RISE 코스피,1.5,5.74,0.16464130460777168,국내 시장지수,3669,94,968,2
385550,RISE 단기종합채권(AA-이상)액티브,0.02,0.26,0.01454232795658545,채권,3578,396,962,1
283580,KODEX 차이나CSI300,1.72,-3.53,-0.15226517534721407,해외주식,123453,1532,961,2
292560,TIGER 일본엔선물,0.51,-2.59,-0.09230916264301355,기타,94634,835,945,1
204480,TIGER 차이나CSI300레버리지(합성),2.91,-6.51,-0.287799803126882,해외주식,34065,621,937,3
464240,히어로즈 26-09 회사채(AA-이상)액티브,0.05,0.29,0.018525746852192534,채권,869,45,936,1
473440,ACE 11월만기자동연장회사채AA-이상액티브,0.04,0.33,0.018585545581111744,채권,7547,79,926,1
481430,RISE 국고채10년액티브,0.43,-1.81,-0.07416406084414888,채권,39733,4210,925,1
480040,ACE 미국반도체데일리타겟커버드콜(합성),1.41,3.84,0.2696527362594273,해외주식,114904,1222,906,2
400970,TIGER Fn메타버스,1.99,4.82,0.04861426901139206,국내 업종/테마,39762,258,901,3
114820,TIGER 국채3년,0.12,0.04,0.007558150309244782,채권,2053,220,890,1
461950,KODEX 2차전지핵심소재10,3.23,-2.39,-0.33166849991600894,국내 업종/테마,657041,2792,886,3
419890,히어로즈 단기채권ESG액티브,0.04,0.27,0.016612147123043177,채권,10906,1162,884,1
472150,TIGER 배당커버드콜액티브,1.39,6.86,0.2356277331698871,국내 업종/테마,75033,736,868,2
486830,HANARO 머니마켓액티브,0.01,0.29,0.01639818515845172,채권,4710,239,861,1
449770,KOSEF 미국S&P500,1.05,0.06,0.08982811233709438,해외주식,5966,104,859,2
284430,KODEX 200미국채혼합,0.52,2.04,0.10066426197370415,채권,94812,1227,851,1
139230,TIGER 200 중공업,1.79,16.62,0.6819536268842347,국내 업종/테마,474418,2695,840,2
325010,KODEX 성장주,1.8,9.71,0.37561817155132415,국내 업종/테마,213,2,838,2
144600,KODEX 은선물(H),1.84,-4.8,-0.31090323081204974,원자재,126914,679,824,2
478150,TIMEFOLIO 글로벌우주테크&방산액티브,1.68,3.56,0.28179526888883477,해외주식,118528,1671,818,2
453010,PLUS KOFR금리,0.01,0.24,0.014113521826012812,기타,7892,839,811,1
452250,ACE 미국30년국채선물레버리지(합성 H),1.29,-15.53,-0.9291148063563521,채권,205530,1139,799,2
476070,KODEX 글로벌비만치료제TOP2 Plus,1.34,-7.44,-0.29086867406988537,해외주식,102976,1096,798,2
464540,RISE 25-03 회사채(AA-이상)액티브,0.02,0.23,0.01425751522447073,채권,1665,84,794,1
475280,ACE 8월만기자동연장회사채AA-이상액티브,0.05,0.29,0.013415331075190058,채권,134,1,792,1
228810,TIGER 미디어컨텐츠,3.27,2.8,-0.09354399056040255,국내 업종/테마,293756,1466,787,3
150460,TIGER 중국소비테마,2.16,12.75,0.480183351066075,국내 업종/테마,34779,203,783,3
489030,PLUS 고배당주위클리커버드콜,1.27,-5.21,-0.45232399348764474,국내 업종/테마,546701,5129,781,2
266420,KODEX 헬스케어,2.34,11.77,0.4026956461222814,국내 업종/테마,51137,860,779,3
267770,TIGER 200선물레버리지,2.91,10.74,0.32187986125091717,국내파생,167696,1884,778,3
136340,RISE 중기우량회사채,0.09,0.19,0.01497925328838486,채권,3946,420,757,1
325020,KODEX 배당가치,1.35,1.3,-0.09098468499570471,국내 업종/테마,10658,140,755,2
491220,PLUS 200TR,1.43,5.62,0.1819281856312058,국내 시장지수,159,6,751,2
476760,ACE 미국30년국채액티브,0.79,-5.71,-0.24505199110765316,채권,163162,1652,750,1
278240,RISE 코스닥150선물레버리지,4.46,20.95,0.6186512058299676,국내파생,34212,284,739,3
295020,RISE 국채선물10년인버스,0.56,3.0,0.1203170266022957,채권,7,0,731,1
468820,WON 25-09 회사채(AA-이상)액티브,0.02,0.29,0.01650135757549477,채권,485,26,730,1
448330,KODEX 삼성전자채권혼합,0.58,1.73,0.06512798296116926,국내 시장지수,86975,917,729,1
458750,TIGER 미국배당다우존스타겟커버드콜1호,0.77,-1.14,-0.006429702590256732,해외주식,40094,482,722,1
494310,KODEX 반도체레버리지,4.75,42.71,1.7674453216219572,국내 업종/테마,356924,3232,712,3
494670,TIGER 조선TOP10,2.83,24.86,1.102516763249384,국내 업종/테마,723060,8967,711,3
332930,HANARO 200TR,1.54,5.69,0.1703974073360414,국내 시장지수,237,10,702,2
471760,TIGER AI반도체핵심공정,3.03,29.54,1.2739578965233436,국내 업종/테마,692850,6496,699,3
252710,TIGER 200선물인버스2X,2.92,-10.76,-0.28976606454487785,국내파생,2384015,6143,698,3
225040,TIGER 미국S&P500레버리지(합성 H),2.05,-5.36,-0.27455645670133405,해외주식,19804,916,696,3
414270,ACE 글로벌자율주행액티브,2.23,5.87,0.490853266170758,해외주식,522494,6353,694,3
174360,RISE 중국본토대형주CSI100,1.21,-2.04,-0.0836577199482978,해외주식,7045,128,693,2
412570,TIGER 2차전지TOP10레버리지,4.31,-3.59,-0.4841983222033964,국내 업종/테마,1881216,2707,693,3
463300,RISE 중국본토CSI300,1.59,-3.26,-0.16136790583143384,해외주식,3430,36,675,2
399110,SOL 미국S&P500ESG,1.04,-0.44,0.05064806161738532,해외주식,34325,587,668,2
261240,KODEX 미국달러선물,0.5,2.63,0.2151453264111881,기타,52153,753,664,1
497880,SOL CD금리&머니마켓액티브,0.01,0.3,0.016672069206697455,채권,68355,3421,664,1
310960,TIGER 200TR,1.44,5.54,0.17039151378295692,국내 시장지수,22800,429,664,2
261220,KODEX WTI원유선물(H),0.97,9.45,0.4459931409340078,원자재,192837,2972,656,2
139280,TIGER 경기방어,1.53,2.31,0.013934132768140916,국내 업종/테마,42591,415,652,2
236350,TIGER 인도니프티50레버리지(합성),1.41,-6.06,-0.21620288181482972,해외주식,6577,295,651,2
464310,TIGER 글로벌AI&로보틱스 INDXX,1.42,-0.9,0.027562439343590633,해외주식,148141,2053,635,2
195980,PLUS 신흥국MSCI(합성 H),0.88,-2.97,-0.20011656312849344,해외주식,45003,432,635,2
437070,KODEX 아시아달러채권ESG플러스액티브,0.42,0.8,0.11727899391434186,채권,172,10,635,1
269540,PLUS 미국S&P500(H),1.03,-2.05,-0.09846704221217843,해외주식,8509,205,629,2
411420,KODEX 미국메타버스나스닥액티브,2.35,-2.66,0.07761929598361268,해외주식,19783,310,622,3
489570,HANARO 25-12 은행채(AA+이상)액티브,0.07,0.4,0.016550832715370476,채권,1449,14,611,1
308620,KODEX 미국10년국채선물,0.53,-0.79,0.04795778433261214,채권,122462,1468,610,1
138540,TIGER 현대차그룹+펀더멘털,1.75,7.34,0.3024598196539817,국내 업종/테마,32663,870,610,2
233160,TIGER 코스닥150 레버리지,4.29,20.29,0.5978986045416615,국내파생,375045,3092,608,3
483340,ACE 구글밸류체인액티브,2.13,5.47,0.3990510358958594,해외주식,185524,2164,607,3
395290,HANARO Fn K-POP&미디어,2.58,4.29,-0.009337288939683294,국내 업종/테마,67273,455,592,3
266160,RISE 고배당,1.27,2.11,-0.003015639896855296,국내 업종/테마,17821,232,583,2
453330,RISE 미국S&P500(H),1.05,-2.38,-0.11705764176518302,해외주식,41313,600,582,2
319640,TIGER 골드선물(H),0.92,-0.64,-0.022009226789216414,해외주식,32884,561,579,2
483330,ACE 마이크로소프트밸류체인액티브,1.84,-3.3,-0.07251524578426534,해외주식,104289,1298,572,2
423170,SOL 한국형글로벌반도체액티브,1.86,6.85,0.4437119924053003,해외주식,14717,283,571,3
203780,TIGER 미국나스닥바이오,1.22,-3.12,-0.05944230493847538,해외주식,19022,447,570,2
329660,KODEX TRF5050,0.62,-0.4,0.019040066234780422,기타,23509,380,566,1
487910,ACE 인도컨슈머파워액티브,1.43,1.45,0.22060192470067827,해외주식,61246,680,560,2
204450,KODEX 차이나H레버리지(H),2.85,-0.15,-0.014994272995903933,해외주식,231587,461,560,3
455960,RISE 미국달러SOFR금리액티브(합성),0.51,2.51,0.20611891291661225,채권,4487,54,559,1
469150,ACE AI반도체포커스,2.58,22.88,1.0857223136290215,국내 업종/테마,191155,2628,546,3
440640,ACE 단기채권알파액티브,0.02,0.29,0.01735289075791692,채권,4557,496,544,1
278620,PLUS 단기채권액티브,0.03,0.28,0.015146724578688856,채권,1798,208,539,1
454320,HANARO CAPEX설비투자iSelect,1.85,12.38,0.4283155303624405,국내 업종/테마,8637,123,529,2
442320,RISE 글로벌원자력,1.6,0.66,-0.1101371756847713,해외주식,68194,1392,522,2
490600,RISE 미국배당100데일리고정커버드콜,0.65,-1.61,-0.05904042792003307,해외주식,131039,1337,511,1
447620,SOL 미국TOP5채권혼합40 Solactive,0.65,1.59,0.1433723435686127,기타,52943,727,508,1
261270,KODEX 미국달러선물인버스,0.46,-2.28,-0.19696541731562112,기타,78381,603,507,1
395170,KODEX Top10동일가중,1.48,4.11,0.1367032616315711,국내 업종/테마,1864,13,506,2
469070,RISE AI&로봇,4.38,27.46,1.01844669737744,국내 업종/테마,943280,8572,502,3
272910,ACE 중장기국공채액티브,0.13,-0.03,-0.0027781313033227294,채권,3,0,501,1
461600,SOL 미국30년국채액티브(H),0.7,-7.51,-0.4244089483293368,채권,18908,166,498,1
407830,에셋플러스 글로벌플랫폼액티브,2.1,3.29,0.4042601353164914,해외주식,11912,164,497,3
329670,KODEX TRF7030,0.98,0.08,0.07375066818651804,기타,35996,681,494,2
484890,SOL 머니마켓액티브,0.01,0.26,0.014186476306496696,채권,833,42,490,1
484880,SOL 금융지주플러스고배당,1.54,0.14,-0.19468948779229456,국내 업종/테마,70379,755,480,2
464920,PLUS 일본반도체소부장,1.31,-1.52,-0.053590340061857956,해외주식,3098,40,480,2
251600,PLUS 고배당주채권혼합,0.52,-1.01,-0.1237268250235784,기타,54164,663,478,1
403790,마이다스 코스피액티브,1.41,6.95,0.24698788550195916,국내 시장지수,88,1,476,2
322400,HANARO e커머스,2.24,2.27,-0.10081790392563618,국내 업종/테마,3119,29,469,3
465660,TIGER 일본반도체FACTSET,1.27,1.21,0.05525286961098885,해외주식,7406,86,462,2
114100,RISE 국고채3년,0.15,-0.03,0.007433539788090051,채권,131,14,461,1
245360,TIGER 차이나HSCEI,1.65,3.63,0.2310403337749135,해외주식,37008,417,460,2
123320,TIGER 레버리지,2.91,10.79,0.30970599490274686,국내파생,90921,1326,458,3
477730,KODEX 인도타타그룹,0.96,-2.69,-0.08213891883988084,해외주식,25416,269,457,2
473590,ACE 미국주식베스트셀러,2.25,1.05,0.2408989377301971,해외주식,213726,3904,457,3
315960,RISE 대형고배당10TR,1.57,7.37,0.34218372474469594,국내 업종/테마,17829,327,457,2
498400,KODEX 200타겟위클리커버드콜,1.25,4.43,0.1237221820302127,국내 업종/테마,850176,8366,455,2
475350,RISE 버크셔포트폴리오TOP10,0.75,1.35,0.13058465430138677,해외주식,40147,527,455,1
475270,ACE 5월만기자동연장회사채AA-이상액티브,0.04,0.24,0.01072631038702205,채권,1456,15,453,1
453080,KOSEF 미국나스닥100(H),1.43,-1.05,-0.0030464070975116573,해외주식,9303,161,453,2
496090,KOSEF 코리아밸류업,1.47,6.41,0.18773773810404534,국내 시장지수,107060,1035,451,2
280930,KODEX 미국러셀2000(H),1.47,-6.46,-0.325812041301025,해외주식,183077,2486,449,2
441540,HANARO Fn조선해운,2.32,20.26,0.878514148986375,국내 업종/테마,64062,995,442,3
495050,RISE 코리아밸류업,1.39,6.02,0.17805953368610286,국내 시장지수,225963,2171,441,2
152380,KODEX 국채선물10년,0.42,-2.23,-0.10027535683776148,채권,4657,323,437,1
456680,TIGER 차이나전기차레버리지(합성),2.99,-10.7,-0.46311644710833416,해외주식,47028,265,436,3
400570,KODEX 유럽탄소배출권선물ICE(H),2.17,7.17,0.4967195006481455,해외주식,58198,631,434,3
099140,KODEX 차이나H,1.44,3.5,0.21556170115385095,해외주식,13935,276,426,2
460960,ACE 글로벌인컴TOP10 SOLACTIVE,0.51,1.96,0.15026542858797934,기타,106257,1239,425,1
426150,WON 대한민국국고채액티브,0.38,-1.28,-0.0633954937737534,채권,961,55,423,1
448490,HANARO 32-10 국고채액티브,0.38,-1.38,-0.05369319939498296,채권,1703,96,422,1
491010,TIGER 글로벌AI인프라액티브,2.32,-1.71,0.0116507422145165,해외주식,134998,1896,418,3
261250,KODEX 미국달러선물레버리지,0.98,4.79,0.4014870431094529,기타,75348,1289,415,2
473490,KOSEF 글로벌AI반도체,1.72,0.88,0.08318948904631039,해외주식,18483,306,414,2
385720,TIMEFOLIO 코스피액티브,1.32,4.19,0.11482740895504644,국내 시장지수,4436,39,412,2
122260,KOSEF 통안채1년,0.02,0.27,0.015995641463948756,채권,4916,506,412,1
434730,HANARO 원자력iSelect,1.81,9.32,0.2796962814877944,국내 업종/테마,71329,1270,411,2
152870,파워 200,1.45,5.7,0.18544504969458248,국내 시장지수,40,1,404,2
336160,RISE 금융채액티브,0.11,0.22,0.015524860999554461,채권,990,101,403,1
458030,WON 단기국공채액티브,0.02,0.24,0.013616219484896552,채권,66,3,403,1
464470,PLUS 미국채30년액티브,0.77,-5.55,-0.24198917620420726,채권,11483,607,399,1
385510,KODEX K-신재생에너지액티브,1.92,10.37,0.33093491658054974,국내 업종/테마,10127,167,399,3
475380,RISE 글로벌리얼티인컴,0.86,-1.12,-0.061900664595289215,기타,29187,304,398,2
108450,ACE 삼성그룹섹터가중,1.54,5.31,0.11657726957583184,국내 업종/테마,2741,37,394,2
266360,KODEX 미디어&엔터테인먼트,1.99,2.05,-0.07972976051947084,국내 업종/테마,40290,458,390,3
227540,TIGER 200 헬스케어,2.35,9.61,0.3151690167310872,국내 업종/테마,42423,839,389,3
276970,KODEX 미국S&P500배당귀족커버드콜(합성 H),0.73,-4.07,-0.29998927003967385,해외주식,19335,159,388,1
363580,KODEX 200IT TR,2.08,10.47,0.4743792212194829,국내 업종/테마,100067,1084,382,3
138230,KOSEF 미국달러선물,0.46,2.66,0.2133106311159162,기타,5274,86,381,1
466930,SOL 자동차TOP3플러스,1.82,6.62,0.3047318996035658,국내 업종/테마,19415,203,380,2
248270,TIGER S&P글로벌헬스케어(합성),1.01,-2.47,-0.07983527940411005,해외주식,5468,126,379,2
332500,ACE 200TR,1.54,5.72,0.18618113723192653,국내 시장지수,33040,713,371,2
453820,KODEX 인도Nifty50레버리지(합성),1.43,-6.66,-0.25516406144372755,해외주식,13079,235,369,2
371450,TIGER 글로벌클라우드컴퓨팅INDXX,1.47,-2.29,0.02740691262022464,해외주식,33982,442,369,2
426020,TIMEFOLIO 미국S&P500액티브,1.74,-0.31,0.13296724067344157,해외주식,53687,1207,364,2
337160,KODEX 200ESG,1.47,6.32,0.23566212952793167,국내 업종/테마,5619,75,364,2
352560,KODEX 미국부동산리츠(H),1.33,-6.15,-0.3476335177617714,기타,33246,394,362,2
123310,TIGER 인버스,1.51,-5.32,-0.14310190175936513,국내파생,271864,1414,361,2
365000,TIGER 인터넷TOP10,2.03,-2.77,-0.33001834564572796,국내 업종/테마,771136,2857,358,3
476030,SOL 미국나스닥100,1.46,1.07,0.18080072781292175,해외주식,35965,475,357,2
468380,KODEX iShares미국하이일드액티브,0.56,1.55,0.1661802923767392,채권,75749,893,352,1
117700,KODEX 건설,2.05,8.19,0.13881856679670448,국내 업종/테마,98854,278,352,3
471040,KoAct 글로벌AI&로봇액티브,2.83,4.08,0.46314132064111824,해외주식,141633,2348,351,3
237350,KODEX 코스피100,1.52,5.65,0.17818580844424903,국내 시장지수,37125,958,351,2
465330,RISE 2차전지TOP10,2.58,-1.34,-0.2315477546762152,국내 업종/테마,129576,1141,346,3
279530,KODEX 고배당,1.07,1.7,-0.06812233547630732,국내 업종/테마,23133,233,344,2
332620,PLUS 미국장기우량회사채,0.61,-3.91,-0.1548804090326915,채권,2085,201,344,1
429760,PLUS 미국S&P500,1.07,-0.12,0.07635700651049929,해외주식,6088,98,340,2
469170,ACE 포스코그룹포커스,2.68,4.09,-0.04662860456092396,국내 업종/테마,2598314,11503,338,3
298770,KODEX 한국대만IT프리미어,1.27,4.9,0.2614158596466317,해외주식,23941,610,337,2
434960,DAISHIN343 K200,1.42,5.67,0.1739974951415214,국내 시장지수,275,9,336,2
421320,PLUS 우주항공&UAM,2.87,19.59,0.6394489186133081,국내 업종/테마,21483,300,335,3
487920,ACE 인도시장대표BIG5그룹액티브,0.93,-3.08,-0.10673090362169901,해외주식,9637,91,335,2
368190,HANARO Fn K-뉴딜디지털플러스,1.91,2.98,-0.005700209402521682,국내 업종/테마,1375,9,334,3
498410,KODEX 금융고배당TOP10타겟위클리커버드콜,1.29,-2.93,-0.038929978379848525,국내 업종/테마,423455,4120,332,2
491090,KODEX 미국테크1조달러기업포커스,1.3,3.97,0.25772613737204225,해외주식,29145,384,330,2
195930,TIGER 유로스탁스50(합성 H),0.62,-1.76,-0.09537510978491574,해외주식,11450,197,328,1
332940,HANARO MSCI Korea TR,1.56,6.1,0.19922784438253235,국내 시장지수,54,0,322,2
388280,RISE 컨택트대표,1.79,3.43,-0.041200078670642126,국내 업종/테마,1696,9,321,2
444490,WON 미국S&P500,1.04,-0.03,0.08516570123594154,해외주식,8622,141,320,2
102970,KODEX 증권,1.89,2.05,-0.11512389051703326,국내 업종/테마,94416,703,318,3
304780,HANARO 200선물레버리지,2.97,11.19,0.34304051351207054,국내파생,1958,32,317,3
371470,TIGER 차이나바이오테크SOLACTIVE,1.52,-6.71,-0.29932289158445635,해외주식,33349,184,316,2
495550,SOL 코리아밸류업TR,1.42,6.69,0.21047569217028472,국내 시장지수,6483,62,311,2
440340,TIGER 글로벌멀티에셋TIF액티브,0.6,-0.04,0.05659383238718865,기타,4119,48,310,1
479620,SOL 미국AI반도체칩메이커,2.1,4.91,0.3851503540643465,해외주식,36319,416,309,3
287180,PLUS 미국나스닥테크,1.54,-2.22,-0.0048014697980923605,해외주식,4365,159,309,2
395160,KODEX 시스템반도체,2.28,17.69,0.7622002215915074,국내 업종/테마,78633,680,305,3
475050,ACE KPOP포커스,2.67,3.6,-0.07217149561433032,국내 업종/테마,214294,1724,302,3
300640,RISE 게임테마,2.03,1.49,-0.18558507557765447,국내 업종/테마,7055,59,302,3
167860,KOSEF 국고채10년레버리지,0.93,-3.97,-0.21077776720884916,채권,275,30,300,2
272570,RISE 중장기국공채액티브,0.18,-0.16,-0.00036017058190895845,채권,99,10,298,1
332610,PLUS 미국단기회사채(AAA~A),1.93,2.22,0.21223519595766752,채권,2836,374,298,3
472830,RISE 미국30년국채커버드콜(합성),0.62,-3.14,-0.10035798322785745,채권,61189,586,292,1
453650,KODEX 미국S&P500금융,1.21,-1.2,-0.00412210536047613,해외주식,147484,2600,291,2
160580,TIGER 구리실물,1.0,0.18,0.06348036877427932,원자재,22229,253,288,2
445150,KODEX K-친환경조선해운액티브,2.27,20.8,0.9069227261643097,국내 업종/테마,32668,487,287,3
359210,KODEX 코스피TR,1.44,5.64,0.17037989042274804,국내 시장지수,11778,146,287,2
271060,KODEX 3대농산물선물(H),0.94,0.47,0.07017603954370677,원자재,11328,95,285,2
495230,KoAct 코리아밸류업액티브,1.31,8.93,0.3486046625643977,국내 시장지수,18747,184,283,2
394350,KOSEF 글로벌퓨처모빌리티,1.65,0.99,0.21104825808543215,해외주식,1657,20,282,2
367760,RISE 5G테크,1.88,17.87,0.7630933826149846,국내 업종/테마,12430,127,282,3
493420,SOL 미국배당다우존스TR,0.81,-1.6,-0.0379243409750417,해외주식,183645,1984,281,1
495040,PLUS 코리아밸류업,1.47,7.09,0.22255542988649818,국내 시장지수,1480,14,278,2
471460,히어로즈 국고채30년액티브,0.87,-3.32,-0.13506907585951866,채권,11263,726,271,2
495940,RISE 미국AI테크액티브,2.21,0.85,0.27608567731915823,해외주식,32614,365,270,3
469050,RISE 미국반도체NYSE(H),1.9,1.43,0.13614364537922755,해외주식,7019,99,269,3
469160,ACE 일본반도체,1.09,-1.76,-0.0389144018409794,해외주식,1978,22,268,2
476850,KoAct 배당성장액티브,1.37,3.78,0.011909162476451499,국내 시장지수,5273,48,267,2
211560,TIGER 배당성장,1.39,4.4,0.07643804064636374,국내 업종/테마,26058,497,264,2
256750,KODEX 차이나심천ChiNext(합성),1.84,-9.36,-0.5527089370729366,해외주식,21014,193,262,2
387270,TIGER 글로벌이노베이션액티브,1.63,0.87,0.1986294175476898,해외주식,7413,129,260,2
438320,TIGER 차이나항셍테크레버리지(합성 H),3.41,-2.91,-0.2005974611677452,해외주식,50977,333,259,3
448570,FOCUS AI코리아액티브,1.46,5.33,0.19752032711250417,국내 시장지수,44,0,259,2
461340,HANARO 글로벌생성형AI액티브,2.34,1.18,0.2744786292934632,해외주식,28579,610,257,3
218420,KODEX 미국S&P500에너지(합성),1.08,-1.65,-0.12345386517947553,해외주식,19010,285,257,2
256440,ACE 인도네시아MSCI(합성),0.99,-3.34,-0.09866962926804446,해외주식,9236,91,256,2
169950,KODEX 차이나A50,1.32,-0.37,-0.021624579856215204,해외주식,7909,167,255,2
200030,KODEX 미국S&P500산업재(합성),1.17,-2.31,-0.07125016031639705,해외주식,123806,4209,255,2
276650,RISE 글로벌테크놀로지(합성 H),1.17,0.19,0.020471471771084843,해외주식,95,3,255,2
469060,RISE 미국반도체NYSE,1.93,3.77,0.328884353640329,해외주식,6498,102,253,3
360140,KODEX 200롱코스닥150숏선물,1.14,-4.3,-0.12186504874813517,국내 업종/테마,4525,40,252,2
101280,KODEX 일본TOPIX100,1.1,-1.31,0.004481043811726476,해외주식,99316,2214,250,2
271050,KODEX WTI원유선물인버스(H),0.92,-8.34,-0.42868272163128,원자재,768059,3104,249,2
326230,RISE 내수주플러스,1.41,4.28,0.07685058775671913,국내 업종/테마,470,3,249,2
453950,TIGER TSMC파운드리밸류체인,1.69,3.59,0.2786822407716759,해외주식,13704,217,248,2
494840,TIGER 미국방산TOP10,0.8,1.58,0.0405718906438473,해외주식,30184,290,246,1
289480,TIGER 200커버드콜,0.92,3.95,0.14273228249022046,국내파생,34761,282,245,2
138520,TIGER 삼성그룹펀더멘털,1.6,4.52,0.06664851947356418,국내 업종/테마,12818,137,241,2
438560,SOL 국고채3년,0.16,0.01,0.0005555903120328202,채권,352,35,241,1
440910,WON 미국우주항공방산,1.75,0.95,0.12619519257730033,해외주식,49708,852,239,2
419430,KODEX 차이나2차전지MSCI(합성),1.86,-5.56,-0.2801048408788463,해외주식,5562,34,239,3
453640,KODEX 미국S&P500헬스케어,1.02,-1.35,-0.03290495745208393,해외주식,12758,158,236,2
237370,KODEX 배당성장채권혼합,0.41,1.44,0.03280315176414793,기타,14204,185,235,1
261070,TIGER 코스닥150바이오테크,2.99,17.1,0.6223488824368825,국내 업종/테마,36710,483,231,3
433980,KODEX TDF2040액티브,0.62,-1.03,0.003804212673299803,기타,34072,472,229,1
496120,ACE 코리아밸류업,1.45,6.34,0.19847996829135905,국내 시장지수,1686,16,228,2
494410,PLUS 미국S&P500성장주,1.34,1.62,0.2086807468087969,해외주식,38986,440,226,2
450910,SOL 코스닥150,2.35,10.73,0.3386932054267896,국내 시장지수,1352,15,225,3
238720,ACE 일본Nikkei225(H),1.03,0.81,0.05301143876819742,해외주식,19471,546,223,2
451600,PLUS 국고채30년액티브,0.89,-3.65,-0.13603158354770958,채권,137,15,223,2
495330,1Q 코리아밸류업,1.4,6.03,0.19041486233143948,국내 시장지수,3819,36,223,2
496020,WON 전단채플러스액티브,0.02,0.33,0.0193325005544926,채권,29967,1509,222,1
276990,KODEX 글로벌로봇(합성),1.03,1.06,0.1536981022621046,해외주식,22740,444,222,2
433970,KODEX TDF2030액티브,0.45,-0.91,-0.013974962198890249,기타,25291,329,221,1
463680,KODEX 미국S&P500테크놀로지,1.35,0.66,0.12840508766184378,해외주식,15773,239,221,2
474590,WON 반도체밸류체인액티브,2.26,15.35,0.7475255800621528,국내 업종/테마,3123,26,221,3
363510,SOL KIS단기통안채,0.01,0.22,0.012220392245017772,채권,165,18,221,1
139660,KOSEF 미국달러선물인버스,0.53,-2.13,-0.19867204678688954,기타,64263,516,219,1
495750,HANARO 코리아밸류업,1.3,5.84,0.1709438786506238,국내 시장지수,2002,19,218,2
354500,ACE 코스닥150,2.42,11.33,0.3170259291293485,국내 시장지수,39335,469,217,3
483240,TIGER 미국나스닥100ETF선물,1.41,-0.23,0.10529240674888708,해외주식,1838,19,216,2
375770,KODEX 탄소효율그린뉴딜,1.54,6.4,0.1811266117281169,국내 업종/테마,989,8,216,2
457690,KODEX 33-06 국고채액티브,0.35,-1.44,-0.06500578370569857,채권,30800,337,216,1
463250,TIGER 우주방산,3.38,23.82,0.8061701959611984,국내 업종/테마,123548,1524,214,3
213610,KODEX 삼성그룹밸류,1.57,5.18,0.12514341055078942,국내 업종/테마,20919,165,214,2
277540,ACE 아시아TOP50S&P,1.12,3.5,0.23631941738385612,해외주식,4821,80,213,2
196030,ACE 일본TOPIX레버리지(H),1.48,2.95,0.15488704667712747,해외주식,219,9,212,2
354350,HANARO 글로벌럭셔리S&P(합성),1.21,-1.72,0.08905989550949123,해외주식,2135,42,211,2
488080,TIGER 반도체TOP10레버리지,4.64,38.28,1.6904613216668651,국내파생,1010871,5352,211,3
140700,KODEX 보험,1.66,0.32,-0.15087892189053115,국내 업종/테마,23030,216,209,2
300950,KODEX 게임산업,2.14,2.59,-0.12833123072016284,국내 업종/테마,68366,473,208,3
243880,TIGER 200IT레버리지,4.0,21.3,0.9343112348219026,국내 업종/테마,10615,276,207,3
250730,RISE 차이나HSCEI(H),1.33,1.12,0.031038985022782375,해외주식,18489,158,206,2
485690,RISE 미국AI밸류체인TOP3Plus,2.18,0.12,0.1994230420083053,해외주식,40539,503,205,3
117460,KODEX 에너지화학,2.67,9.5,0.2210584620123709,국내 업종/테마,73998,744,205,3
252420,RISE 200선물인버스2X,2.91,-10.43,-0.3281379695983022,국내파생,189016,459,204,3
411050,ACE 글로벌메타버스테크액티브,1.83,0.35,0.15336897099169008,해외주식,189,2,203,2
139220,TIGER 200 건설,1.85,6.65,0.04800440111536345,국내 업종/테마,55881,146,202,2
210780,TIGER 코스피고배당,1.19,1.54,-0.08635599083953788,국내 업종/테마,8983,132,200,2
437350,RISE 미국단기투자등급회사채액티브,0.44,1.78,0.17068520024979333,채권,62863,774,197,1
225800,KOSEF 미국달러선물레버리지,0.94,5.04,0.4201576484184911,기타,743,12,197,2
396520,TIGER 차이나반도체FACTSET,2.33,-4.4,-0.2990513848390423,해외주식,86546,576,196,3
352540,KODEX 일본부동산리츠(H),0.53,3.33,0.14176236812164325,기타,33717,365,195,1
418670,TIGER 글로벌사이버보안INDXX,1.87,-4.19,-0.053230103800913336,해외주식,15627,228,193,3
457700,KODEX 53-09 국고채액티브,0.86,-3.54,-0.14554655500274694,채권,6301,76,190,2
491830,TIGER 미국AI반도체팹리스,2.31,9.03,0.5967281976899257,해외주식,1106555,13532,190,3
130680,TIGER 원유선물Enhanced(H),1.01,8.64,0.4120290833658915,원자재,101245,453,190,2
442260,마이티 다이나믹퀀트액티브,1.5,6.77,0.24842566206584132,국내 시장지수,116,1,189,2
377990,TIGER Fn신재생에너지,2.19,13.01,0.448864598841429,국내 업종/테마,39508,324,189,3
494180,TIMEFOLIO 글로벌소비트렌드액티브,1.7,-1.63,0.09679500178228927,해외주식,163938,1877,189,2
261120,TIGER 미국달러선물인버스2X,0.92,-4.95,-0.41539442219618766,기타,18052,91,188,2
459560,KODEX 테슬라밸류체인FactSet,2.08,1.21,0.2858508967856672,해외주식,22356,364,188,3
114460,ACE 국고채3년,0.12,0.05,0.009454649753623843,채권,2265,234,187,1
354240,RISE 미국고정배당우선증권 TR,0.7,2.28,0.18072258998395102,기타,9966,123,185,1
364990,TIGER 게임TOP10,2.23,4.32,-0.027383160740428212,국내 업종/테마,36309,196,185,3
341850,TIGER 리츠부동산인프라채권TR KIS,1.0,3.96,0.09631982555163349,기타,22662,103,184,2
442570,RISE TDF2050액티브,0.78,1.05,0.050565191389898935,기타,14245,191,182,1
481340,RISE 미국30년국채액티브,0.87,-7.54,-0.3665415343468024,채권,66173,663,180,2
494330,ACE 라이프자산주주가치액티브,1.49,4.71,0.06078857112498053,국내 업종/테마,2399,23,180,2
385590,ACE ESG액티브,1.46,5.56,0.17185412031582364,국내 업종/테마,573,4,180,2
486240,DAISHIN343 AI반도체&인프라액티브,1.83,15.58,0.7369034789767872,국내 업종/테마,40913,333,180,2
409810,KODEX 미국나스닥100선물인버스(H),1.4,1.81,0.04954031182079367,해외주식,100817,765,179,2
185680,KODEX 미국S&P바이오(합성),1.73,-4.99,-0.11052192007619101,해외주식,8848,259,178,2
266370,KODEX IT,2.02,12.71,0.5378374652682916,국내 업종/테마,16527,261,175,3
490480,SOL K방산,3.34,29.29,1.117479292616376,국내 업종/테마,134117,1568,174,3
447660,PLUS 애플채권혼합,0.68,2.3,0.1328652984166851,기타,27647,354,174,1
395150,KODEX 웹툰&드라마,3.2,0.68,-0.22664133413590493,국내 업종/테마,46238,136,174,3
417630,TIGER KEDI혁신기업ESG30,1.57,8.55,0.27898162709510277,국내 업종/테마,9751,93,173,2
396510,TIGER 차이나클린에너지SOLACTIVE,1.26,-7.37,-0.41678957357054114,해외주식,11606,69,172,2
483420,ACE 애플밸류체인액티브,1.54,3.32,0.25833019900360665,해외주식,17944,198,171,2
444200,SOL KEDI메가테크액티브,1.78,13.19,0.4878258862559769,국내 업종/테마,14808,218,170,2
387280,TIGER 퓨처모빌리티액티브,1.71,6.53,0.24310127471405452,국내 업종/테마,3033,21,170,2
494340,ACE 글로벌AI맞춤형반도체,2.93,7.77,0.598115459437772,해외주식,84687,1060,169,3
447430,ACE 주주환원가치주액티브,1.34,5.32,0.15495767502106622,국내 업종/테마,4409,56,167,2
114470,KOSEF 국고채3년,0.13,0.06,0.005852952814136867,채권,270,29,166,1
252400,RISE 200선물레버리지,2.91,10.9,0.324625430654107,국내파생,23387,318,165,3
213630,PLUS 미국다우존스고배당주(합성 H),0.8,-5.24,-0.32915759157477587,해외주식,5768,99,164,1
468630,KODEX iShares미국투자등급회사채액티브,0.56,-1.4,0.003848787497152179,채권,41582,482,163,1
445690,BNK 주주가치액티브,1.54,6.76,0.17627498337564174,국내 업종/테마,589,7,162,2
467620,히어로즈 25-09 미국채권(AA-이상)액티브,0.48,2.37,0.19357982130953325,채권,1564,89,160,1
381560,HANARO Fn전기&수소차,1.89,5.52,0.15999684977117554,국내 업종/테마,2997,21,159,3
438900,HANARO Fn K-푸드,1.77,7.19,0.23424079322812613,국내 업종/테마,15285,161,159,2
385520,KODEX K-미래차액티브,1.59,9.8,0.3957121099677484,국내 업종/테마,9477,72,158,2
265690,ACE 러시아MSCI(합성),0.0,0.0,0.0,해외주식,0,0,158,1
292190,KODEX KRX300,1.53,6.37,0.19383022606570605,국내 시장지수,5080,79,158,2
461910,PLUS 미국테크TOP10레버리지(합성),3.17,7.23,0.6770219631863831,해외주식,8871,278,158,3
280320,ACE 미국IT인터넷S&P(합성 H),1.53,-3.65,-0.1104260199140746,해외주식,840,16,157,2
269420,KODEX S&P글로벌인프라(합성),0.9,-1.51,-0.07153530401307864,해외주식,10579,194,157,2
472350,1Q 차이나H(H),1.27,1.64,0.05468330073658913,해외주식,5,0,156,2
415340,KODEX 차이나과창판STAR50(합성),2.07,-4.73,-0.2650068039590238,해외주식,10474,81,156,3
448630,RISE 삼성그룹Top3채권혼합,0.56,0.93,0.024405938306473442,기타,18653,180,156,1
137610,TIGER 농산물선물Enhanced(H),0.78,-0.72,0.007919065164092699,원자재,11201,61,154,1
459750,RISE 글로벌주식분산액티브,0.9,-0.53,0.039727963449299866,해외주식,16772,234,154,2
488720,WON 종합채권(AA-이상)액티브,0.27,-0.6,-0.01156228361282473,기타,0,0,154,1
211900,KODEX 배당성장,1.35,4.64,0.09261890505972456,국내 업종/테마,4027,61,153,2
483570,KCGI 미국S&P500 TOP10,1.46,4.27,0.3788418564037968,해외주식,92672,1188,153,2
449780,KOSEF 미국S&P500(H),1.06,-2.07,-0.09824274317324355,해외주식,6433,97,151,2
292770,KODEX 국채선물3년인버스,0.1,0.46,0.023923600374754002,채권,0,0,151,1
250780,TIGER 코스닥150선물인버스,2.35,-10.08,-0.2798381837614914,국내파생,521812,2087,151,3
491510,파워 K-주주가치액티브,1.42,4.01,0.0740120301219554,국내 업종/테마,52,0,150,2
391600,ACE 미국친환경그린테마INDXX,1.49,1.54,0.2024968671137766,해외주식,5570,53,148,2
195970,PLUS 선진국MSCI(합성 H),0.99,-3.65,-0.20394778886625012,해외주식,63809,751,148,2
139250,TIGER 200 에너지화학,2.48,9.6,0.25669738751314086,국내 업종/테마,538868,5159,148,3
491620,RISE 미국테크100데일리고정커버드콜,1.49,0.32,0.17889138812969274,해외주식,59823,674,146,2
183700,RISE 채권혼합,0.4,1.4,0.04623505708226302,기타,72,4,146,1
253290,RISE 헬스케어채권혼합,0.8,4.08,0.1353314782414646,기타,8924,107,145,1
495060,TIMEFOLIO 코리아밸류업액티브,1.31,3.43,0.011063764443200168,국내 시장지수,14021,130,145,2
440650,ACE 미국달러단기채권액티브,0.48,2.61,0.21374765326473175,채권,80877,970,144,1
316670,KOSEF 코스닥150,2.24,10.6,0.3216503974695788,국내 시장지수,7020,41,144,3
304770,HANARO 코스닥150,2.37,10.89,0.32524416543064244,국내 시장지수,2697,32,144,3
435040,ACE 글로벌브랜드TOP10블룸버그,1.28,-1.65,0.06069055145299959,해외주식,2223,39,143,2
219390,RISE 미국S&P원유생산기업(합성 H),1.63,-1.94,-0.21618399328627363,해외주식,19447,117,142,2
474920,에셋플러스 차이나일등기업포커스10액티브,1.39,1.9,0.19300407700855604,해외주식,3649,50,142,2
446700,RISE 배터리 리사이클링,2.67,0.55,-0.2714516396570165,국내 업종/테마,44530,407,142,3
117680,KODEX 철강,3.24,-2.4,-0.5712591617496932,국내 업종/테마,12016,108,141,3
490590,RISE 미국AI밸류체인데일리고정커버드콜,1.71,1.05,0.16256232992311725,해외주식,87128,1019,140,2
494420,PLUS 미국배당증가성장주데일리커버드콜,0.9,-0.82,0.04833259205434537,국내 업종/테마,54843,550,140,2
241390,RISE V&S셀렉트밸류채권혼합,0.6,2.15,0.056972698363330326,기타,3279,38,139,1
139270,TIGER 200 금융,1.64,0.42,-0.15936309848581706,국내 업종/테마,20833,174,136,2
453660,KODEX 미국S&P500경기소비재,1.8,-0.69,0.16703876511710755,해외주식,4400,79,135,2
456250,KODEX 유럽명품TOP10 STOXX,1.07,-0.64,0.11710237319106793,해외주식,7857,72,135,2
140710,KODEX 운송,1.64,6.58,0.18149482543296325,국내 업종/테마,21551,111,135,2
463640,KODEX 미국S&P500유틸리티,0.99,-0.6,-0.04341111364052476,해외주식,6454,85,132,2
459790,히어로즈 미국성장기업30액티브,1.74,-0.06,0.10444250907699194,해외주식,4757,73,132,2
407820,에셋플러스 코리아플랫폼액티브,1.34,3.22,0.017403661564784862,국내 업종/테마,4286,26,131,2
223190,KODEX 200가치저변동,1.4,3.02,0.019503046844236833,국내 업종/테마,6345,69,131,2
463690,KODEX 미국S&P500커뮤니케이션,1.48,-0.82,0.10442755731807146,해외주식,396,6,131,2
465670,TIGER 미국캐시카우100,0.99,-3.04,-0.10882095256043321,해외주식,28262,368,130,2
482870,HANARO 주주가치성장코리아액티브,1.38,3.9,0.09593662627596336,국내 업종/테마,2939,29,130,2
217780,TIGER 차이나CSI300인버스(합성),1.18,3.06,0.1779159765174454,해외주식,13463,101,129,2
245350,TIGER 유로스탁스배당30,0.69,0.95,0.0708321772444472,해외주식,4740,57,128,1
269370,TIGER S&P글로벌인프라(합성),0.96,0.64,0.02479174885530116,해외주식,4214,63,127,2
487950,KODEX 대만테크고배당다우존스,0.84,3.35,0.17751483627188713,해외주식,23402,224,126,1
417450,RISE 글로벌수소경제,1.88,2.22,0.21039226880296014,해외주식,9832,74,125,3
461900,PLUS 미국테크TOP10,1.49,5.46,0.42517002563961576,해외주식,8132,155,125,2
451670,RISE 국채30년레버리지(합성),1.75,-7.49,-0.3114400055031836,채권,836,20,125,2
400590,SOL 글로벌탄소배출권선물ICE(합성),1.31,5.42,0.41855864763066797,해외주식,13741,171,125,2
496770,PLUS 글로벌방산,1.12,-3.1,-0.20279656163411466,해외주식,4492,42,124,2
395280,HANARO Fn K-게임,1.99,2.7,-0.09944175682595871,국내 업종/테마,2510,10,123,3
433500,ACE 원자력테마딥서치,2.01,12.11,0.3965375267987662,국내 업종/테마,3372,58,123,3
140950,파워 코스피100,1.43,5.46,0.17989340547395208,국내 시장지수,416,10,122,2
225130,ACE 골드선물 레버리지(합성 H),1.87,-0.75,-0.030022558754663396,해외주식,3530,86,122,3
300610,TIGER K게임,2.02,-0.07,-0.2845367111350466,국내 업종/테마,3859,27,121,3
275300,KODEX MSCI퀄리티,1.4,5.75,0.16759713752333058,국내 업종/테마,4007,34,120,2
471290,HANARO CD금리액티브(합성),0.01,0.25,0.014972428760550037,채권,602,62,120,1
489290,WON 미국빌리어네어,1.77,3.32,0.35093483983710383,해외주식,24867,328,119,2
239660,PLUS 우량회사채50,0.05,0.2,0.012872902444995468,채권,1255,149,119,1
306950,KODEX KRX300레버리지,2.87,10.66,0.30030012316411503,국내파생,7370,86,119,3
182490,TIGER 단기선진하이일드(합성 H),0.47,-0.63,0.0056925878281729085,채권,794,10,118,1
422260,VITA MZ소비액티브,1.77,8.8,0.3543197152993042,국내 업종/테마,31686,252,118,2
460660,RISE 미국S&P배당킹,0.69,-2.21,-0.09543154236806171,해외주식,9176,102,118,1
453630,KODEX 미국S&P500필수소비재,0.81,-1.98,-0.07724586063976549,해외주식,4671,57,117,1
453060,HANARO KOFR금리액티브(합성),0.02,0.24,0.015389310625299777,채권,74,7,117,1
138910,KODEX 구리선물(H),0.8,-3.1,-0.20684899490032901,원자재,6469,44,117,1
105780,RISE 5대그룹주,1.59,5.42,0.18099911454305118,국내 업종/테마,3492,20,117,2
449690,TIGER 한중반도체(합성),1.61,5.33,0.36223175207395486,해외주식,52,0,116,2
195920,TIGER 일본TOPIX(합성 H),0.88,0.06,0.05772523323486397,해외주식,1124,26,116,2
428560,KODEX 미국ETF산업Top10 Indxx,0.93,-0.64,-0.0037298072429895837,해외주식,6180,109,115,2
266410,KODEX 필수소비재,1.22,0.71,-0.049349236529825764,국내 업종/테마,3783,24,115,2
475300,SOL 반도체전공정,2.21,13.71,0.5448862597953759,국내 업종/테마,29767,218,114,3
430500,KOSEF 물가채KIS,0.3,-1.2,-0.05997702603798468,기타,323,36,114,1
419650,PLUS 글로벌수소&차세대연료전지,2.24,4.28,0.2637489215253838,해외주식,10593,41,113,3
419420,KODEX 미국클린에너지나스닥,2.11,4.1,0.4126831395624648,해외주식,17321,121,112,3
275290,KODEX MSCI밸류,1.59,5.83,0.18415345681425974,국내 업종/테마,13503,137,112,2
474390,SOL 국고채30년액티브,0.88,-3.13,-0.14540354588688642,채권,98,5,112,2
479850,HANARO K-뷰티,2.22,10.54,0.3856748042502325,국내 업종/테마,28194,309,110,3
276000,TIGER 글로벌자원생산기업(합성 H),1.19,-4.55,-0.38602108267256013,해외주식,887,12,109,2
289260,TIGER MSCI KOREA ESG리더스,1.61,5.35,0.17148856429663212,국내 업종/테마,16418,144,109,2
291130,ACE 멕시코MSCI(합성),1.13,-4.63,-0.23525558304609812,해외주식,4090,49,108,2
472840,ITF 200,1.48,5.35,0.16111265524695947,국내 시장지수,137,4,108,2
156080,KODEX MSCI Korea,1.42,5.33,0.17057680965324884,국내 시장지수,130,1,108,2
483030,KOSEF 미국블록버스터바이오테크의약품+,0.85,-2.1,-0.019235484263393127,해외주식,2641,25,108,1
275280,KODEX MSCI모멘텀,1.61,8.65,0.27118649614709855,국내 업종/테마,4347,57,106,2
385600,ACE 2차전지&친환경차액티브,2.89,0.57,-0.18209559345702983,국내 업종/테마,14855,103,105,3
461450,KODEX 코스닥글로벌,2.72,8.25,0.16047675588303162,국내 시장지수,1276,13,105,3
102960,KODEX 기계장비,1.79,9.34,0.3259299146533994,국내 업종/테마,4374,30,105,2
104530,KOSEF 고배당,1.29,0.36,-0.12768899001468306,국내 업종/테마,10741,117,104,2
290080,RISE 200고배당커버드콜ATM,1.28,1.0,-0.13915318296053797,국내파생,30834,245,104,2
497780,KoAct 미국천연가스인프라액티브,1.28,5.26,0.35419865977619547,해외주식,478913,4935,103,2
261110,TIGER 미국달러선물레버리지,1.02,4.73,0.4033388005009612,기타,450,7,103,2
460270,히어로즈 미국달러SOFR금리액티브(합성),0.46,2.79,0.22091920924790817,채권,394,4,101,1
433220,에셋플러스 글로벌대장장이액티브,1.23,1.33,0.19033809615675085,해외주식,447,8,101,2
490330,KoAct 미국뇌질환치료제액티브,1.32,-3.81,-0.1408516479518044,해외주식,3624,36,101,2
230480,KOSEF 미국달러선물인버스2X,1.05,-4.7,-0.4078506003020411,기타,3096,13,100,2
489000,PLUS 일본엔화초단기국채(합성),0.53,-2.67,-0.09765742818216047,채권,41108,411,100,1
491700,HK 200,1.58,5.57,0.18151510197428275,국내 시장지수,5057,165,100,2
400580,SOL 유럽탄소배출권선물S&P(H),2.12,7.81,0.5168973008006678,해외주식,25810,285,99,3
267440,RISE 미국장기국채선물(H),0.56,-5.97,-0.3272432444941514,채권,3228,26,99,1
310080,RISE 중국MSCI China(H),1.4,-1.43,-0.09719318658709736,해외주식,2099,17,99,2
181480,ACE 미국부동산리츠(합성 H),1.29,-5.91,-0.3054066787898497,기타,571,46,98,2
432840,HANARO 미국S&P500,1.03,0.24,0.0938712105267266,해외주식,2854,46,98,2
464060,HANARO 글로벌반도체TOP10 SOLACTIVE,2.12,5.96,0.4230614830030548,해외주식,1920,34,98,3
104520,KOSEF 블루칩,1.54,3.61,0.052052633989531825,국내 업종/테마,235,1,98,2
365040,TIGER AI코리아그로스액티브,1.49,6.85,0.23289591947060798,국내 시장지수,1176,14,98,2
499150,SOL 미국S&P500엔화노출(H),1.22,-5.8,-0.24614518300231586,해외주식,702800,6839,97,2
494210,SOL 미국500타겟커버드콜액티브,0.98,0.35,0.08582211101548468,해외주식,115521,1249,97,2
292730,FOCUS KRX300,1.7,6.23,0.22174006238243063,국내 시장지수,1,0,97,2
475070,KoAct 글로벌기후테크인프라액티브,2.11,0.94,0.16429333249676645,해외주식,4890,78,97,3
337140,KODEX 코스피대형주,1.4,4.82,0.13032268243376816,국내 업종/테마,2273,27,97,2
496130,TRUSTON 코리아밸류업액티브,1.05,3.73,0.06934571356652591,국내 시장지수,283,2,96,2
480460,WON 한국부동산TOP3플러스,1.3,5.46,0.16789158366123258,기타,492,4,95,2
337150,KODEX 200exTOP,1.38,5.22,0.1511632801939118,국내 업종/테마,884,10,95,2
100910,KOSEF KRX100,1.55,5.41,0.16133892645938425,국내 시장지수,1088,5,95,2
404260,KODEX 기후변화솔루션,2.0,9.63,0.3183392477063241,국내 업종/테마,2332,22,94,3
138530,TIGER LG그룹+펀더멘털,1.67,1.08,-0.1580112647862563,국내 업종/테마,6329,41,94,2
450190,KODEX 한중반도체(합성),1.69,6.74,0.3314080587862885,해외주식,129,2,94,2
390400,KODEX 미국스마트모빌리티S&P,1.99,4.95,0.425055710527693,해외주식,6139,38,94,3
498860,RISE 코리아금융고배당,1.28,-3.06,-0.06561753324616296,국내 업종/테마,282941,2631,93,2
159800,마이티 코스피100,1.6,5.54,0.17892251144654608,국내 시장지수,6,0,93,2
145850,TREX 펀더멘탈 200,1.33,3.88,0.06865936986318505,국내 업종/테마,8,0,93,2
477490,에셋플러스 글로벌일등기업포커스10액티브,1.45,4.25,0.38656986638091534,해외주식,4372,66,91,2
410870,TIMEFOLIO K컬처액티브,2.77,7.46,0.10997979478028129,국내 업종/테마,561139,5106,91,3
376410,TIGER 탄소효율그린뉴딜,1.56,6.19,0.18310692332158543,국내 업종/테마,3029,24,91,2
226980,KODEX 200 중소형,1.73,8.56,0.23099702073592412,국내 시장지수,9934,126,90,2
491630,RISE 미국반도체인버스(합성 H),2.1,-2.64,-0.19652518145567133,해외주식,12486,249,90,3
091220,TIGER 은행,1.51,-1.21,-0.2539378720881564,국내 업종/테마,10132,86,89,2
289040,KODEX MSCI KOREA ESG유니버설,1.52,4.58,0.15259218912300943,국내 업종/테마,16,0,89,2
289670,PLUS 국채선물10년,0.42,-1.9,-0.10553204848046918,채권,51,2,89,1
489860,KOSEF 글로벌전력GRID인프라,1.12,-2.12,-0.019102908506083798,해외주식,51841,575,88,2
368680,KODEX K-뉴딜디지털플러스,2.0,3.25,-0.03779905752258486,국내 업종/테마,167,1,88,3
269530,PLUS S&P글로벌인프라,1.16,-0.43,0.0510589512062941,해외주식,1010,17,87,2
375270,RISE 글로벌데이터센터리츠(합성),1.02,-4.1,-0.18211388874383194,기타,3117,38,87,2
475310,SOL 반도체후공정,3.13,29.14,1.2580024775718783,국내 업종/테마,100658,1009,86,3
395760,PLUS ESG성장주액티브,1.37,9.26,0.3653641417081268,국내 업종/테마,398,3,85,2
174350,TIGER 로우볼,0.96,-1.3,-0.1738721891644294,국내 업종/테마,192012,2409,85,2
497520,ACE 일라이릴리밸류체인,1.14,-1.3,-0.009547923403169234,해외주식,1696,18,85,2
442580,PLUS 글로벌HBM반도체,2.91,4.5,0.33508501803382484,해외주식,1614,27,85,3
429740,PLUS K리츠,1.35,5.82,0.18166413816955163,기타,12976,84,85,2
471780,TIGER 코리아테크액티브,2.03,14.65,0.6279325548671321,국내 업종/테마,450,3,85,3
452440,VITA 밸류알파액티브,1.54,16.03,0.8054270107659252,국내 업종/테마,21053,253,85,2
446690,KODEX 아시아AI반도체exChina액티브,1.58,6.3,0.29935615616245825,해외주식,2503,42,84,2
122090,PLUS 코스피50,1.48,5.41,0.19620419514400078,국내 시장지수,3235,74,84,2
442090,에셋플러스 코리아대장장이액티브,1.63,11.68,0.44347232523238767,국내 업종/테마,66,0,84,2
225060,TIGER 이머징마켓MSCI레버리지(합성 H),1.71,-3.0,-0.259977015961,해외주식,441,3,84,2
468370,KODEX iShares미국인플레이션국채액티브,0.48,0.05,0.0757418453865788,채권,19485,219,83,1
139320,TIGER 금은선물(H),1.01,-0.71,-0.03953794148689213,원자재,2665,31,83,2
147970,TIGER 모멘텀,1.45,5.19,0.1016943841601071,국내 업종/테마,88,2,83,2
498050,HANARO 바이오코리아액티브,3.07,13.9,0.4446953328714876,국내 업종/테마,8546,88,83,3
497510,ACE 글로벌빅파마,1.08,-3.81,-0.12963615974821244,해외주식,5944,61,83,2
415760,SOL 차이나육성산업액티브(합성),2.21,-4.09,-0.22270124586735285,해외주식,1511,11,83,3
424460,HANARO 글로벌워터MSCI(합성),0.85,-5.79,-0.25285376819733335,해외주식,217,2,83,1
472720,TRUSTON 주주가치액티브,1.26,6.64,0.18102511834852425,국내 시장지수,1021,11,82,2
225030,TIGER 미국S&P500선물인버스(H),1.07,2.81,0.14003061511856252,해외주식,30821,90,82,2
488290,마이다스 일본테크액티브,1.11,-2.07,-0.07635627831198298,해외주식,217,4,82,2
411540,SOL 200 Top10,1.52,4.96,0.16304869145583847,국내 시장지수,8513,68,81,2
117690,TIGER 차이나항셍25,1.44,6.04,0.36637284555106064,해외주식,1281,23,81,2
438210,PLUS 글로벌AI,2.24,1.06,0.30543921010023467,해외주식,2649,42,81,3
205720,ACE 일본TOPIX인버스(합성 H),0.55,0.0,-0.032524015616824324,해외주식,2376,5,81,1
445910,TIGER MKF배당귀족,1.3,3.91,0.07584384143882678,국내 업종/테마,1433,17,80,2
225050,TIGER 유로스탁스레버리지(합성 H),1.72,-5.31,-0.1646017677996603,해외주식,268,2,80,2
433880,PLUS TDF2060액티브,0.92,-0.3,0.06311256831402767,기타,6513,98,80,2
215620,HK S&P코리아로우볼,1.05,0.68,-0.09924845276126791,국내 업종/테마,3,0,80,2
451150,에셋플러스 글로벌영에이지액티브,1.38,0.92,0.2208267959900503,해외주식,139,2,80,2
292500,SOL KRX300,1.55,5.34,0.12087345695056534,국내 시장지수,2,0,79,2
449580,RISE 미국빅데이터Top3채권혼합,1.11,2.26,0.20936876248404618,기타,7947,125,79,2
152500,ACE 레버리지,2.87,10.64,0.3155198678866125,국내파생,16577,99,79,3
364690,KODEX 혁신기술테마액티브,1.43,6.78,0.24062522068916925,국내 시장지수,1005,13,79,2
292160,TIGER KRX300,1.61,5.78,0.1355722691754423,국내 시장지수,776,12,79,2
192720,파워 고배당저변동성,1.35,1.52,-0.12539285525822233,국내 업종/테마,179,5,79,2
474800,KOSEF 미국원유에너지기업,1.31,0.29,0.001202208523137201,해외주식,7799,94,78,2
229720,KODEX KTOP30,1.52,4.13,0.09135731926864168,국내 시장지수,789,12,78,2
467540,KOSEF 코스닥글로벌,2.59,8.46,0.20349055139891542,국내 시장지수,1097,12,78,3
404120,TIMEFOLIO K신재생에너지액티브,1.9,8.61,0.26801665122349416,국내 업종/테마,1196,13,78,3
217770,TIGER 원유선물인버스(H),0.97,-8.22,-0.42328639319447375,원자재,110405,294,78,2
464600,SOL 자동차소부장Fn,2.16,12.92,0.5417260241113127,국내 업종/테마,3338,29,77,3
360150,KODEX 코스닥150롱코스피200숏선물,1.18,4.63,0.13836069026289224,국내 업종/테마,5507,53,77,2
183710,RISE 주식혼합,0.95,3.28,0.09688985694448883,기타,499,19,77,2
464610,SOL 의료기기소부장Fn,2.6,18.53,0.6869434449058704,국내 업종/테마,13103,125,77,3
373790,KOSEF 미국방어배당성장나스닥,1.56,-1.41,-0.07656240098056581,해외주식,1280,19,76,2
426330,KOSEF 미국ETF산업STOXX,0.96,-1.96,-0.048147162220983176,해외주식,537,8,76,2
438740,마이다스 중소형액티브,1.99,11.99,0.4217839518857279,국내 업종/테마,24,0,76,3
237440,TIGER 경기방어채권혼합,0.61,1.23,0.03420646190656814,기타,2050,19,76,1
385710,TIMEFOLIO K이노베이션액티브,2.07,4.95,0.08710373386679152,국내 업종/테마,306,2,75,3
462340,에셋플러스 글로벌다이나믹시니어액티브,1.3,-0.07,0.14231251731296962,해외주식,297,4,75,2
252650,KODEX 200동일가중,1.67,6.75,0.1529339437777197,국내 시장지수,164,1,75,2
483020,KOSEF 의료AI,3.42,13.52,0.4564895268372966,국내 업종/테마,16496,162,75,3
457930,BNK 미래전략기술액티브,1.6,9.98,0.38012218249366464,국내 업종/테마,287,3,74,2
375760,HANARO 탄소효율그린뉴딜,1.55,6.91,0.20801746884423367,국내 업종/테마,214,1,74,2
371150,RISE 차이나항셍테크,1.93,1.96,0.1172087962070208,해외주식,719,5,74,3
432600,RISE 국채선물3년,0.42,0.17,-0.0027073438479765758,채권,4,0,74,1
473640,HANARO 글로벌금채굴기업,1.86,-1.22,-0.07641644583799567,해외주식,2023,27,74,3
253160,PLUS 200선물인버스2X,2.94,-10.76,-0.31575774970834947,국내파생,34604,170,73,3
435550,히어로즈 TDF2050액티브,0.8,-0.2,0.06776133348781774,기타,3827,56,73,1
488480,RISE 일본섹터TOP4Plus,1.26,-2.2,0.01548589703886876,해외주식,4588,48,73,2
322410,HANARO 고배당,1.17,0.3,-0.10700182477519052,국내 업종/테마,13194,174,73,2
429010,TIGER 미국나스닥넥스트100,1.4,-1.45,0.037805324733226744,해외주식,1090,15,73,2
157500,TIGER 증권,2.18,3.49,-0.03636471527846968,국내 업종/테마,8512,47,73,3
441330,KOSEF 차이나A50커넥트MSCI,1.15,1.84,0.09286761515887156,해외주식,1105,10,73,2
460280,KOSEF Fn유전자혁신기술,3.23,18.58,0.5984854324736357,국내 업종/테마,4783,45,73,3
304670,KODEX 미국30년국채울트라선물인버스(H),0.72,8.86,0.4700355154353864,채권,201,2,73,1
435540,히어로즈 TDF2040액티브,0.74,-0.1,0.06417437339701225,기타,655,9,73,1
488210,KOSEF K-반도체북미공급망,2.7,24.89,1.0661988564612719,국내 업종/테마,9995,84,72,3
337120,KODEX 멀티팩터,1.06,4.71,0.16755919769103744,국내 업종/테마,2,0,72,2
253280,RISE 헬스케어,2.44,13.68,0.498244142107527,국내 업종/테마,1735,24,71,3
267490,RISE 미국장기국채선물레버리지(합성 H),1.03,-11.87,-0.6858072558356828,채권,21841,118,71,2
227570,TIGER 우량가치,1.27,1.95,-0.058799060503348106,국내 업종/테마,13534,151,71,2
433870,PLUS TDF2050액티브,0.88,-1.57,-0.01983378487069001,기타,2255,32,71,2
494220,UNICORN SK하이닉스밸류체인액티브,3.13,23.52,1.0955413159276661,국내 업종/테마,79408,780,70,3
373490,KODEX K-이노베이션액티브,1.69,6.21,0.22532399335735637,국내 업종/테마,86,0,70,2
449680,TIGER 한중전기차(합성),1.14,-3.14,-0.25909356220740193,기타,109,0,69,2
253150,PLUS 200선물레버리지,3.34,11.07,0.32224676508748107,국내파생,1131,31,69,3
399580,RISE 글로벌클린에너지,1.36,-1.18,0.02640410867043154,해외주식,976,6,69,2
367740,HANARO Fn5G산업,1.69,10.24,0.4184897696276988,국내 업종/테마,69,0,69,2
270800,RISE KQ고배당,1.45,11.53,0.5178889586368326,국내 업종/테마,1145,13,68,2
379790,RISE 유로스탁스50(H),0.61,-1.38,-0.03696299516073309,해외주식,2084,28,68,1
253250,KOSEF 200선물레버리지,2.89,10.72,0.31890411538660035,국내파생,8136,109,68,3
435530,히어로즈 TDF2030액티브,0.66,0.04,0.08873066749295888,기타,872,11,68,1
253230,KOSEF 200선물인버스2X,2.85,-10.76,-0.3296535386805324,국내파생,119024,287,68,3
448100,WON 200,1.61,6.13,0.2069341956848757,국내 시장지수,128,4,68,2
488200,KOSEF K-2차전지북미공급망,2.73,-1.83,-0.2836514523294371,국내 업종/테마,3439,25,68,3
298340,PLUS 국채선물3년,0.11,0.05,0.005973128462480017,채권,0,0,68,1
413930,WON AI ESG액티브,1.38,6.06,0.21001506708279902,국내 업종/테마,312,2,68,2
108590,TREX 200,1.49,5.54,0.1693123392576268,국내 시장지수,30,1,67,2
416090,ACE 중국과창판STAR50,2.35,-2.37,-0.1501800098919568,해외주식,10287,76,67,3
234310,RISE V&S셀렉트밸류,1.59,5.83,0.14464299483822884,국내 업종/테마,6,0,67,2
411860,KOSEF 독일DAX,0.76,-2.72,-0.10123226273336333,해외주식,571,7,66,1
401590,HANARO 글로벌탄소배출권선물ICE(합성),1.3,5.62,0.43214238131235594,해외주식,6105,62,66,2
442560,RISE TDF2040액티브,0.6,-0.19,0.010143456821002126,기타,2972,39,66,1
491820,HANARO 전력설비투자,2.53,16.82,0.6511639319239241,국내 업종/테마,9812,116,66,3
153270,KOSEF 코스피100,1.48,5.42,0.16761643012493146,국내 시장지수,418,10,65,2
316300,ACE 싱가포르리츠,0.87,2.24,0.1246893657765116,기타,613,7,65,2
433860,PLUS TDF2040액티브,0.53,-0.23,-0.020043152804384415,기타,941,12,65,1
469790,KOSEF K-테크TOP10,2.04,9.32,0.3954277326647832,국내 업종/테마,869,9,65,3
489010,PLUS 글로벌AI인프라,1.99,-0.8,0.016371645954079323,해외주식,1943,24,65,3
176950,KODEX 국채선물10년인버스,0.39,2.57,0.11790744267345017,채권,15,0,65,1
227830,PLUS 코스피,1.38,5.75,0.19497285932085276,국내 시장지수,451,11,65,2
305050,ACE 코스피,1.51,5.52,0.15580901055963708,국내 시장지수,2833,72,65,2
292050,RISE KRX300,1.59,6.36,0.19419274288239186,국내 시장지수,8889,140,65,2
138920,KODEX 콩선물(H),1.14,0.05,0.008793187262339734,원자재,4438,47,64,2
295000,RISE 국채선물10년,0.54,-1.89,-0.07879724708568113,채권,37,2,64,1
442550,RISE TDF2030액티브,0.75,-0.12,0.01354483261982299,기타,2280,29,64,1
456200,PLUS 미국달러SOFR금리액티브(합성),0.47,2.79,0.22071045965590583,채권,946,56,63,1
251590,PLUS 고배당저변동50,0.91,-0.16,-0.1248283449711544,국내 업종/테마,5921,74,63,2
289250,TIGER MSCI KOREA ESG유니버설,1.31,4.47,0.14993276568548308,국내 업종/테마,404,3,63,2
433850,PLUS TDF2030액티브,0.42,-0.52,-0.04133337006889547,기타,1060,13,62,1
277640,TIGER 코스피대형주,1.46,4.72,0.12749730174064283,국내 업종/테마,1227,15,62,2
304760,HANARO KRX300,1.59,6.19,0.1764834853077595,국내 시장지수,53,0,62,2
279540,KODEX 최소변동성,1.47,2.86,-0.01402705161327147,국내 업종/테마,3,0,61,2
291890,KODEX MSCI EM선물(H),1.01,-3.25,-0.13917492388873956,해외주식,374,3,61,2
166400,TIGER 200커버드콜OTM,1.42,5.57,0.17370666472234506,국내파생,745,9,61,2
244620,KODEX 모멘텀Plus,1.77,13.61,0.5769557569673913,국내 업종/테마,291,3,61,2
307510,TIGER 의료기기,2.83,14.71,0.5372538599122216,국내 업종/테마,4768,72,61,3
429980,SOL 한국형글로벌전기차&2차전지액티브,1.41,-0.12,0.12084846327114114,기타,870,10,60,2
428510,KODEX 차이나메타버스액티브,1.31,3.16,0.26004227466266033,해외주식,60,0,60,2
261140,TIGER 우선주,1.32,2.97,0.021122799864601034,국내 업종/테마,3433,36,60,2
455660,ACE 미국하이일드액티브(H),0.36,-0.98,-0.045744222747708584,채권,7634,76,60,1
476310,RISE 글로벌비만산업TOP2+,1.43,-5.74,-0.19943851299808651,해외주식,765,7,60,2
395750,PLUS ESG가치주액티브,1.36,6.42,0.23587057184432356,국내 업종/테마,20,0,59,2
228820,TIGER KTOP30,1.54,4.46,0.1221904227068323,국내 시장지수,6713,52,59,2
461580,TIGER 코스닥글로벌,2.62,7.49,0.18496639340070897,국내 시장지수,110,1,59,3
189400,PLUS 글로벌MSCI(합성 H),1.17,-3.9,-0.2156497018849907,해외주식,250,4,59,2
315270,TIGER 200커뮤니케이션서비스,2.01,1.46,-0.09479130207297803,국내 업종/테마,11355,208,59,3
450180,KODEX 한중전기차(합성),1.25,-3.74,-0.20714160355882166,기타,3,0,59,2
481200,SOL 미국테크TOP10인버스(합성),1.46,-3.75,-0.27490088045474814,해외주식,8868,64,58,2
219900,ACE 중국본토CSI300레버리지(합성),2.5,-5.96,-0.2680460582566633,해외주식,26544,81,58,3
469530,RISE 미국달러선물인버스,0.41,-2.14,-0.17679933930597685,국내파생,331,2,58,1
140580,RISE 우량업종대표주,1.31,6.45,0.18896428076877253,국내 업종/테마,51,0,58,2
373530,PLUS 신흥국MSCI인버스(합성 H),0.79,2.13,0.1121802678404566,해외주식,505,5,57,1
397410,RISE 국채선물5년추종인버스,0.38,1.62,0.056863987712758704,채권,8,0,57,1
261920,ACE 필리핀MSCI(합성),0.97,0.49,0.06511564833404895,해외주식,317,4,57,2
261060,TIGER 코스닥150IT,2.44,17.92,0.6850214399745265,국내 업종/테마,8408,103,57,3
404650,SOL KRX기후변화솔루션,2.07,9.3,0.3346964780117385,국내 업종/테마,3,0,57,3
346000,HANARO KAP초장기국고채,0.7,-2.36,-0.10007769575397939,채권,295,12,57,1
280920,PLUS 주도업종,1.28,3.88,0.09753404829109494,국내 업종/테마,30,0,57,2
267450,RISE 미국장기국채선물인버스(H),0.7,6.12,0.3251346149001294,채권,596,6,56,1
459370,SOL 유럽탄소배출권선물인버스ICE(H),2.35,-7.27,-0.5061136614468578,해외주식,3098,34,56,3
371870,ACE 차이나항셍테크,1.68,1.61,0.1303759832379002,해외주식,3856,26,56,2
277650,TIGER 코스피중형주,1.53,7.88,0.23766467935029922,국내 업종/테마,274,3,56,2
284980,RISE 200금융,1.43,-0.13,-0.1863993852633817,국내 업종/테마,4559,50,56,2
433250,UNICORN R&D 액티브,1.58,8.71,0.3198113354751262,국내 시장지수,81,0,55,2
281990,RISE 중소형고배당,1.3,5.89,0.15184850513700274,국내 업종/테마,219,2,55,2
307520,TIGER 지주회사,1.5,7.24,0.24404071412482134,국내 업종/테마,4701,46,54,2
105010,TIGER 라틴35,1.48,-2.92,-0.18616879514856874,해외주식,3442,14,54,2
437550,히어로즈 글로벌리츠이지스액티브,1.69,-1.86,-0.06310130087823405,기타,534,5,54,2
380340,ACE Fn5G플러스,2.04,13.51,0.5693496683488323,국내 업종/테마,216,1,54,3
252410,RISE 200선물인버스,1.46,-5.19,-0.1467725003522633,국내파생,4271,25,53,2
397420,RISE 국채선물5년추종,0.37,-0.58,-0.03272324114513281,채권,5,0,52,1
437370,RISE 글로벌농업경제,1.13,-3.17,-0.13546631861824612,해외주식,660,5,52,2
457990,PLUS 태양광&ESS,2.15,14.41,0.547696576213467,국내 업종/테마,3029,28,52,3
473500,KOSEF 글로벌전력반도체,2.19,2.42,0.19845265977766666,해외주식,3264,28,52,3
450120,KOSEF SK그룹대표주,2.07,12.21,0.5371192417610952,국내 업종/테마,1078,13,52,3
227560,TIGER 200 생활소비재,1.02,0.49,-0.018657612660627487,국내 업종/테마,90117,736,51,2
485810,TIMEFOLIO 글로벌안티에이징바이오액티브,0.84,-0.91,0.0033582948560768105,해외주식,195004,1805,51,1
131890,ACE 삼성그룹동일가중,1.41,3.94,0.04273535878972688,국내 업종/테마,154,2,50,2
226380,ACE Fn성장소비주도주,1.67,4.22,0.038291038047198876,국내 업종/테마,218,1,50,2
314700,HANARO 농업융복합산업,1.3,0.74,-0.09152958799612716,국내 업종/테마,195,1,49,2
402460,HANARO Fn K-메타버스MZ,1.58,5.92,0.1881010784801666,국내 업종/테마,553,3,48,2
301400,PLUS 코스닥150,2.28,10.27,0.3018255889403669,국내 시장지수,368,4,48,3
285690,FOCUS ESG리더스,1.43,5.84,0.1546665207390373,국내 업종/테마,37,0,48,2
321410,KODEX 멀티에셋하이인컴(H),0.94,-1.99,-0.10753774822669494,기타,10,0,48,2
404540,TIGER KRX기후변화솔루션,2.06,8.99,0.3170028983911481,국내 업종/테마,3200,30,48,3
454180,KOSEF 차이나내수소비TOP CSI,1.28,0.52,0.03351524950407482,해외주식,6854,59,48,2
426410,PLUS 미국대체투자Top10,1.73,-0.3,0.09266997901022862,해외주식,3356,79,47,2
407160,KCGI 테크미디어텔레콤액티브,1.6,10.62,0.45258959808543253,국내 업종/테마,791,6,46,2
140570,RISE 수출주,1.9,7.55,0.17131816213235565,국내 업종/테마,663,7,45,3
227550,TIGER 200 산업재,1.78,8.41,0.28002231268583355,국내 업종/테마,353,2,45,2
390950,HANARO 단기채권액티브,0.01,0.21,0.01174925034666479,채권,0,0,45,1
256450,PLUS 심천차이넥스트(합성),1.98,-9.49,-0.5863048223309255,해외주식,3260,29,45,3
291620,KOSEF 코스닥150선물인버스,2.34,-10.09,-0.2956221143746453,국내파생,6488,46,44,3
334690,RISE 팔라듐선물(H),1.59,-6.85,-0.44786309874870817,원자재,14880,69,44,2
238670,PLUS 스마트베타Quality채권혼합,0.45,1.25,0.016250157877027254,기타,139,1,44,1
139290,TIGER 200 경기소비재,1.43,4.1,0.16982507558000892,국내 업종/테마,295,4,43,2
381570,HANARO Fn친환경에너지,2.46,10.94,0.33416850225369427,국내 업종/테마,3149,20,43,3
486780,HANARO 200선물레버리지1.5X,2.28,8.2,0.2482009376326545,국내파생,34,0,43,3
306520,HANARO 200선물인버스,1.56,-5.31,-0.14198051609809714,국내파생,5573,59,43,2
473380,HANARO K-메디테크,3.05,17.17,0.6075307632729738,국내 업종/테마,4328,40,43,3
419170,HANARO 미국메타버스iSelect,1.76,-0.53,0.15071893654123747,해외주식,44,0,42,2
466810,BNK 2차전지양극재,3.08,0.87,-0.15850277697798923,국내 업종/테마,6601,34,42,3
487750,BNK 온디바이스AI,2.34,24.77,1.0721771897600794,국내 업종/테마,4396,33,42,3
244660,KODEX 퀄리티Plus,1.16,5.55,0.19439982802358308,국내 업종/테마,4,0,41,2
413220,SOL 차이나태양광CSI(합성),2.02,-9.32,-0.5833675138249368,해외주식,3598,14,41,3
407170,KCGI 스마트커머스액티브,1.59,5.66,0.18929369192741438,국내 업종/테마,16,0,41,2
291680,RISE 차이나H선물인버스(H),1.36,-1.66,-0.024119055147235766,해외주식,367,3,40,2
486790,HANARO 코스닥150선물레버리지1.5X,3.56,16.2,0.471228562572092,국내파생,337,3,40,3
407310,HANARO 200 TOP10,1.59,4.52,0.14588092578056835,국내 시장지수,360,2,40,2
266390,KODEX 경기소비재,1.2,3.4,0.024459116556170404,국내 업종/테마,136,1,40,2
244670,KODEX 밸류Plus,1.66,5.31,0.10969563426996348,국내 업종/테마,16,0,39,2
429870,히어로즈 리츠이지스액티브,1.34,5.7,0.16491262339895876,기타,3165,22,39,2
487130,KoAct AI인프라액티브,2.07,17.95,0.7260971549022968,국내 업종/테마,7462,62,38,3
139240,TIGER 200 철강소재,3.23,-3.4,-0.6683603118298375,국내 업종/테마,22044,191,37,3
476000,UNICORN 포스트IPO액티브,2.83,24.41,0.8429224142004329,국내 업종/테마,90,0,36,3
253240,KOSEF 200선물인버스,1.49,-5.22,-0.14032896715917625,국내파생,2731,16,36,2
427120,RISE 플랫폼테마,2.77,7.28,0.16497778487927828,국내 업종/테마,4154,28,35,3
411720,RISE 글로벌메타버스,1.88,2.48,0.22524713839517313,해외주식,455,7,35,3
470310,UNICORN 생성형AI강소기업액티브,2.05,14.08,0.5791963921799587,국내 업종/테마,6950,53,35,3
220130,SOL 차이나강소기업CSI500(합성 H),1.69,-8.99,-0.4430670858158304,해외주식,4884,20,34,2
252000,TIGER 200동일가중,1.68,6.83,0.15927697523154508,국내 시장지수,246,2,34,2
139310,TIGER 금속선물(H),0.53,-4.04,-0.23735589634993953,원자재,7504,40,33,1
334700,RISE 팔라듐선물인버스(H),1.63,5.26,0.35419302145023807,원자재,243,1,32,2
301410,PLUS 코스닥150선물인버스,2.17,-9.68,-0.3132418443106978,국내파생,6025,36,30,3
448510,HANARO 글로벌신재생에너지MSCI(합성),1.06,0.47,0.01640246462946508,해외주식,18,0,30,2
407300,HANARO Fn골프테마,1.55,7.18,0.22213946380411692,국내 업종/테마,701,3,30,2
391670,HK 베스트일레븐액티브,1.32,4.59,0.2199488509902271,국내 시장지수,30,0,30,2
266550,PLUS 중형주저변동50,1.49,5.15,0.09633374920995302,국내 업종/테마,93,1,29,2
476260,HANARO 반도체핵심공정주도주,3.39,35.11,1.4023243441679674,국내 업종/테마,32225,207,29,3
145670,ACE 인버스,1.49,-5.19,-0.14637860113779766,국내파생,3594,20,29,2
291630,KOSEF 코스닥150선물레버리지,4.46,20.89,0.585082264594966,국내파생,49690,181,28,3
243890,TIGER 200에너지화학레버리지,4.08,16.5,0.45251639841641556,국내 업종/테마,32655,114,26,3
306530,HANARO 코스닥150선물레버리지,4.29,20.55,0.6142187074604196,국내파생,9517,69,25,3
098560,TIGER 방송통신,1.82,8.05,0.28961959972555024,국내 업종/테마,3452,25,25,2
465620,ACE 미국빅테크TOP7 Plus인버스(합성),1.62,-5.4,-0.4446382130504369,해외주식,570,5,24,2
275750,RISE 코스닥150선물인버스,2.23,-10.05,-0.3073875726156342,국내파생,5893,23,24,3
469580,RISE KP달러채권액티브,0.44,1.99,0.18139053556581308,채권,90,5,23,1
415920,PLUS 글로벌희토류&전략자원생산기업,1.51,-4.9,-0.20455983059543797,원자재,8073,33,23,2
280940,KODEX 골드선물인버스(H),0.87,0.72,0.008580926178197723,원자재,3724,20,22,2
482030,KoAct 테크핵심소재공급망액티브,2.5,13.04,0.3768067275932288,국내 업종/테마,4229,26,22,3
432850,HANARO 글로벌백신치료제MSCI,1.17,-0.22,0.11638126698211232,해외주식,255,2,17,2
472490,HANARO 미국애그테크,1.07,-4.61,-0.2539793725332893,해외주식,488,5,17,2
412560,TIGER BBIG레버리지,3.86,-0.65,-0.4636511982655608,국내 업종/테마,1656,3,16,3
429990,SOL 한국형글로벌플랫폼&메타버스액티브,1.17,-1.79,-0.008765836829045649,기타,285,4,10,2
427110,RISE 창업투자회사,3.49,13.64,0.3926401341500679,국내 업종/테마,9,0,8,3
