Code,Name,Volatility,TotalReturn,AvgReturn
005930,삼성전자,2.27,-9.78,-0.1655549280707798
000660,SK하이닉스,2.92,2.19,0.014530652062681455
373220,LG에너지솔루션,3.08,-18.44,-0.22754373077226983
207940,삼성바이오로직스,1.98,-6.37,-0.08548781665270072
005380,현대차,2.08,-13.41,-0.22536668387548167
000270,기아,2.15,1.1,0.027485746053304762
068270,셀트리온,2.17,-0.94,-0.01258352439904169
005935,삼성전자우,2.2,-9.62,-0.17781925973367643
105560,KB금융,2.74,-6.26,-0.031081388963475513
035420,NAVER,2.07,20.64,0.3353481292844324
329180,HD현대중공업,3.83,58.88,0.8518825102739284
055550,신한지주,2.42,-13.0,-0.20572147034162977
012330,현대모비스,2.07,13.59,0.2410859068470139
005490,POSCO홀딩스,2.79,-31.12,-0.5938134053979507
028260,삼성물산,2.17,-14.12,-0.23812738404690534
138040,메리츠금융지주,1.67,6.87,0.11942124133773396
010130,고려아연,9.45,22.16,0.7670791127560056
032830,삼성생명,2.59,-3.32,-0.0012071670404138369
096770,SK이노베이션,3.29,0.51,0.062174493294930105
051910,LG화학,2.8,-29.78,-0.5396296945726421
006400,삼성SDI,3.21,-33.42,-0.6093563311641641
000810,삼성화재,2.83,8.85,0.13487083783139683
035720,카카오,2.93,2.84,0.09998432266513052
012450,한화에어로스페이스,3.88,-0.69,0.12320991682695907
086790,하나금융지주,2.22,-7.01,-0.1048139853544859
011200,HMM,2.25,7.68,0.15032069540985363
259960,크래프톤,2.59,2.76,0.11481691949923582
009540,HD한국조선해양,2.81,20.54,0.3590207795157624
267260,HD현대일렉트릭,3.45,24.61,0.3172704041649849
066570,LG전자,1.87,-13.16,-0.3117017861519571
033780,KT&G,3.11,2.13,0.07893426070643082
015760,한국전력,2.13,0.25,0.02413759235801578
017670,SK텔레콤,1.37,3.66,0.012148077140879213
034020,두산에너빌리티,3.21,-0.93,0.04429296361846067
003550,LG,1.66,-5.61,-0.0993281579398079
042660,한화오션,4.71,21.07,0.41367941133215785
024110,기업은행,1.31,1.56,0.03541280465450272
402340,SK스퀘어,3.52,4.46,0.12928708315903384
003670,포스코퓨처엠,3.71,-43.4,-0.8436491310175973
316140,우리금융지주,1.75,-3.72,-0.06261745485122815
030200,KT,2.22,10.83,0.15864126504069115
323410,카카오뱅크,2.32,0.7,0.03824112176078527
086280,현대글로비스,2.63,18.19,0.2955124025755386
010140,삼성중공업,2.72,15.72,0.254255215721021
018260,삼성에스디에스,2.14,-13.63,-0.23126339893520997
034730,SK,1.94,-10.36,-0.19310986212044245
000100,유한양행,3.1,-19.62,-0.31441950115028255
009150,삼성전기,2.35,-5.78,-0.09547189628173784
042700,한미반도체,3.93,-13.13,-0.21117574147548074
003490,대한항공,1.79,8.56,0.15283686584155082
326030,SK바이오팜,2.98,0.09,0.08480160354984065
352820,하이브,2.56,12.42,0.2772258568508651
047050,포스코인터내셔널,3.28,-25.97,-0.48409713786855135
005830,DB손해보험,2.59,-6.9,-0.14369284863685808
443060,HD현대마린솔루션,3.45,43.67,0.6749054792071241
267250,HD현대,2.11,8.93,0.17502882650929044
010950,S-Oil,2.0,-7.59,-0.10952682455728607
090430,아모레퍼시픽,2.62,-13.66,-0.27716971939544843
079550,LIG넥스원,3.98,6.34,0.175789155903161
064350,현대로템,3.37,-14.47,-0.20828460185029427
005387,현대차2우B,1.69,-11.5,-0.2134460951573993
003230,삼양식품,3.4,41.41,0.5588917120086699
047810,한국항공우주,2.71,3.9,0.11847870013682504
010120,LS ELECTRIC,3.89,8.2,0.14679841274221767
010620,HD현대미포,3.08,27.9,0.4960069701688041
088980,맥쿼리인프라,0.97,-9.0,-0.15521841606741732
180640,한진칼,2.61,-9.58,-0.05983501411547076
161390,한국타이어앤테크놀로지,2.25,2.99,0.056505037856718336
051900,LG생활건강,2.3,-11.74,-0.3212686893559402
021240,코웨이,2.06,-0.15,0.046331725319479204
000150,두산,4.28,69.89,0.9804263234520266
006800,미래에셋증권,2.68,-6.86,-0.056973578505486525
450080,에코프로머티,4.31,-47.91,-0.9936927405682092
034220,LG디스플레이,2.0,-11.8,-0.22261386479027354
032640,LG유플러스,1.44,7.95,0.11557636958134276
251270,넷마블,2.82,-14.36,-0.1776454017618817
272210,한화시스템,4.7,31.4,0.4906882576110716
005940,NH투자증권,1.58,-1.38,-0.018228033128374732
029780,삼성카드,1.55,-4.36,-0.09729116524082813
011790,SKC,4.41,-23.93,-0.3198605542458484
241560,두산밥캣,2.88,9.05,0.14122398207654713
454910,두산로보틱스,4.81,5.65,0.16893587570390667
036570,엔씨소프트,3.35,-13.5,-0.22953882542974177
271560,오리온,1.73,5.0,0.10955938523557143
071050,한국금융지주,2.05,-0.97,-0.06379688990194293
298040,효성중공업,3.47,14.86,0.2810411464147193
302440,SK바이오사이언스,3.98,-8.61,-0.05289983225331172
016360,삼성증권,2.07,-3.59,-0.043330026361446825
011070,LG이노텍,2.61,-21.42,-0.426552755376818
097950,CJ제일제당,2.28,-10.34,-0.22873065142970733
005385,현대차우,1.49,-11.58,-0.19973317966727358
377300,카카오페이,4.79,8.4,0.28029378339906225
078930,GS,1.3,-7.99,-0.14785168548936023
307950,현대오토에버,3.1,-14.15,-0.2586288138077795
128940,한미약품,3.19,-11.98,-0.15991648803251696
462870,시프트업,3.98,-1.15,-0.03034911623160054
035250,강원랜드,1.63,-3.43,-0.057825686819109795
138930,BNK금융지주,2.17,14.07,0.2242976100695084
028050,삼성E&A,2.23,-24.55,-0.4438435877162573
036460,한국가스공사,3.99,-21.32,-0.3257744460915959
006260,LS,3.35,-20.9,-0.4133522157617772
009830,한화솔루션,3.61,-27.17,-0.5264092182907975
022100,포스코DX,3.36,-33.22,-0.6506153984184456
175330,JB금융지주,2.29,-0.06,0.017179497556511512
066970,엘앤에프,4.12,-31.26,-0.5491016242512573
039490,키움증권,2.75,-11.98,-0.2124739664383102
000720,현대건설,1.86,-14.97,-0.2362665100720344
004020,현대제철,2.83,-25.09,-0.430421185373367
001040,CJ,2.89,-11.57,-0.23522578263397861
026960,동서,6.1,38.6,0.67813483938331
011170,롯데케미칼,3.96,-38.56,-0.8115618018818699
011780,금호석유,3.3,-36.97,-0.8072251700105478
081660,휠라홀딩스,1.77,0.37,0.011241240979383097
004370,농심,2.43,4.24,0.029539915240492577
383220,F&F,3.35,-11.08,-0.20423061714944718
001450,현대해상,1.91,-18.83,-0.34247985439344314
004990,롯데지주,2.55,-12.73,-0.20536238079385652
012750,에스원,1.75,1.4,0.01796061508894499
001440,대한전선,3.07,-6.73,-0.11776804195296675
088350,한화생명,1.85,-14.82,-0.26133769272852436
018880,한온시스템,2.44,5.09,0.09719188263959992
020560,아시아나항공,2.36,15.67,0.20999621021751455
018670,SK가스,2.05,36.06,0.5081339869876764
009420,한올바이오파마,4.63,3.35,0.16191704634247545
052690,한전기술,3.1,-17.37,-0.2827585304593106
062040,산일전기,5.21,50.28,0.7436175174905755
000880,한화,2.28,-3.66,-0.030758695680930096
278470,에이피알,3.94,1.31,0.11685151660242284
002380,KCC,2.45,-18.84,-0.35806569620315215
008930,한미사이언스,6.38,-7.59,0.03838608981241216
017800,현대엘리베이,3.02,18.0,0.2911863719858117
006280,녹십자,3.27,6.88,0.23538868407607433
051600,한전KPS,2.13,1.5,0.04391695952585726
030000,제일기획,1.39,-4.57,-0.0829939549206582
000120,CJ대한통운,2.0,-5.23,-0.1101037405130571
204320,HL만도,3.65,8.02,0.127489286890933
112610,씨에스윈드,3.6,-32.5,-0.5925008399352714
012510,더존비즈온,3.39,30.01,0.49215480431673575
111770,영원무역,2.26,-0.24,-0.022425947870608646
028670,팬오션,1.7,-8.11,-0.14233355503816328
005070,코스모신소재,3.87,-55.25,-1.2603098666477817
007660,이수페타시스,6.86,-23.0,-0.23100110128077042
282330,BGF리테일,2.06,-4.34,-0.08773810843116495
002790,아모레G,2.01,-14.14,-0.2997840159335655
139480,이마트,2.92,7.36,0.13793147760701932
361610,SK아이이테크놀로지,3.43,-37.4,-0.7377603931927094
489790,한화인더스트리얼솔루션즈,5.63,-18.9,-0.03034684861874868
192820,코스맥스,3.83,4.47,0.12478926807877005
000240,한국앤컴퍼니,2.85,-2.75,-0.0031829195100933814
007310,오뚜기,1.48,-4.42,-0.08285895634717098
003690,코리안리,1.51,11.81,0.14659022432475186
006360,GS건설,2.45,-3.8,0.04266828795424725
082740,한화엔진,3.42,22.94,0.40136617430891
023530,롯데쇼핑,2.01,-14.05,-0.2560856764518943
008770,호텔신라,2.1,-16.34,-0.31660638155485005
103140,풍산,3.05,-19.64,-0.3572860730558491
069620,대웅제약,2.79,-11.17,-0.10630968549162616
000990,DB하이텍,3.18,-17.68,-0.323240607578426
007070,GS리테일,1.89,-3.49,-0.0415558947213509
005850,에스엘,2.28,-11.71,-0.20360591997602745
139130,DGB금융지주,1.47,2.36,0.02278591488896311
103590,일진전기,4.16,31.29,0.5191099427018302
073240,금호타이어,2.35,11.4,0.15913983452362626
000080,하이트진로,1.46,-2.73,-0.056288617899068444
042670,HD현대인프라코어,2.78,-7.41,-0.0821307482518321
137310,에스디바이오센서,2.89,19.93,0.3320753591206501
047040,대우건설,2.23,-15.44,-0.2569092569145446
161890,한국콜마,2.86,-18.52,-0.37559994954627857
001570,금양,5.93,-61.01,-1.4141460523417588
006040,동원산업,1.83,24.17,0.38302333855288473
009450,경동나비엔,3.26,25.53,0.4381803484413588
004170,신세계,2.09,-15.56,-0.30961694779544047
001720,신영증권,1.32,-7.06,-0.07237375097697506
010060,OCI홀딩스,2.91,-4.82,-0.07974669403808342
395400,SK리츠,1.92,-4.19,-0.1349394013730441
003090,대웅,3.14,-12.5,-0.032554534343469124
051915,LG화학우,2.84,-35.98,-0.7144165201766065
375500,DL이앤씨,2.24,5.56,0.1344245775079159
014820,동원시스템즈,2.97,-18.77,-0.22850295457093442
185750,종근당,1.98,-14.96,-0.28184282997802834
294870,HDC현대산업개발,3.05,-17.26,-0.20251514226184356
014680,한솔케미칼,3.11,-22.76,-0.42801271541955177
009240,한샘,1.83,-6.8,-0.11645778562577978
336260,두산퓨얼셀,3.65,-6.41,-0.06076095166463326
192080,더블유게임즈,1.79,3.56,0.1125777310752986
267270,HD현대건설기계,3.7,14.18,0.3013940566466709
020150,롯데에너지머티리얼즈,3.73,-43.09,-0.832640820509916
009970,영원무역홀딩스,1.6,-6.7,-0.12198366940543327
007340,DN오토모티브,2.2,-4.53,-0.15840581371044202
001120,LX인터내셔널,1.68,-4.79,-0.0934167871529934
089860,롯데렌탈,2.31,-1.98,-0.031017029380297125
011210,현대위아,2.15,-22.49,-0.43637298405160724
069960,현대백화점,2.08,-0.53,-0.019335543699576248
001530,DI동일,1.86,34.36,0.5187939352940231
004000,롯데정밀화학,2.51,-17.36,-0.3083565675654204
005300,롯데칠성,1.74,-11.35,-0.20516863200061314
280360,롯데웰푸드,2.29,-27.0,-0.4353973777954297
298020,효성티앤씨,4.26,-22.31,-0.38709839345573066
300720,한일시멘트,2.37,7.03,0.13179762344668056
004490,세방전지,3.15,-7.18,-0.22807674093761593
248070,솔루엠,3.05,-1.09,0.03937346928737672
457190,이수스페셜티케미컬,5.11,-35.99,-0.6156984447290538
415640,KB발해인프라,0.86,-3.6,-0.11208295810001369
365550,ESR켄달스퀘어리츠,1.9,-5.91,-0.15410400255980702
229640,LS에코에너지,3.69,19.08,0.3547743504699694
001800,오리온홀딩스,1.2,-4.45,-0.06655179918296801
108320,LX세미콘,2.23,-8.11,-0.2090684508881694
950210,프레스티지바이오파마,4.74,12.55,0.2114811214352228
001740,SK네트웍스,2.43,-15.3,-0.21513763550957304
085620,미래에셋생명,1.15,-0.19,0.006435937796496953
330590,롯데리츠,1.67,-8.41,-0.1612618189180831
003850,보령,2.3,-6.41,-0.01062570294062053
034230,파라다이스,1.81,-11.07,-0.21942766263263047
039130,하나투어,2.47,10.14,0.16791668177911995
079160,CJ CGV,1.72,-6.84,-0.10340180392326945
002840,미원상사,1.54,-6.54,-0.11531961365373541
000815,삼성화재우,1.91,-0.55,-0.0038096590190624946
071970,HD현대마린엔진,3.54,19.71,0.41647328579318554
298050,HS효성첨단소재,3.26,-34.41,-0.6835332039690842
100090,SK오션플랜트,3.51,-12.67,-0.0882592053342215
003540,대신증권,1.23,-4.69,-0.05236176420165519
005180,빙그레,2.41,30.03,0.4194404659489729
023590,다우기술,1.15,-3.95,-0.06506533762897429
192400,쿠쿠홀딩스,1.71,-2.2,-0.0733456959733673
285130,SK케미칼,2.57,-9.08,-0.16269429480118963
353200,대덕전자,3.37,-12.3,-0.20452358088156236
005440,현대지에프홀딩스,2.27,12.34,0.20418541283451971
005250,녹십자홀딩스,2.65,6.86,0.13983477287182003
003530,한화투자증권,4.53,8.5,0.2084085023847602
002710,TCC스틸,3.92,-40.77,-0.7122669240798897
214320,이노션,1.22,-4.45,-0.04333420798762497
004800,효성,2.8,-5.69,-0.09664123234066274
120110,코오롱인더,2.15,-19.8,-0.37999498814409255
003620,KG모빌리티,2.31,-25.73,-0.49663675272222346
145720,덴티움,3.37,-15.21,-0.19899349535706737
268280,미원에스씨,1.08,12.8,0.21558641429994088
082640,동양생명,3.19,-17.38,-0.22074226132898409
003030,세아제강지주,2.98,2.77,0.09058735447981794
012630,HDC,1.66,11.25,0.217362752187261
006120,SK디스커버리,1.86,15.33,0.24982230958020116
066575,LG전자우,1.87,-14.14,-0.2835856477116183
114090,GKL,1.89,0.79,-0.02219321393055084
069260,TKG휴켐스,1.58,-11.82,-0.2004114786167882
030190,NICE평가정보,2.1,11.96,0.21788965988278725
000670,영풍,4.6,17.97,0.3302716177681518
009410,태영건설,3.73,-48.09,-1.015232323021161
293940,신한알파리츠,1.25,-3.69,-0.04660833660905882
025540,한국단자,2.33,-5.67,-0.056299567481157636
001430,세아베스틸지주,3.94,-8.21,-0.06679559090548402
000210,DL,2.32,-26.05,-0.5163873224564361
003240,태광산업,1.83,-5.59,-0.07401814683719092
001680,대상,1.82,-4.53,-0.09781980141906144
000640,동아쏘시오홀딩스,2.34,-8.4,-0.10622538858591102
003570,SNT다이내믹스,3.84,-23.5,-0.3563703036092308
005420,코스모화학,4.22,-31.48,-0.5453498761529673
030610,교보증권,1.22,3.7,0.04640606926437178
010780,아이에스동서,2.37,-2.32,-0.042371766834382256
000400,롯데손해보험,2.61,-8.72,-0.19849572303159774
451800,한화리츠,1.32,-14.98,-0.2512985136996476
381970,케이카,2.1,-4.75,-0.05949995963951513
006380,카프로,0.0,0.0,0.0
017960,한국카본,2.58,8.04,0.16488467864573508
336370,솔루스첨단소재,3.08,-33.38,-0.6089564445395338
271940,일진하이솔루스,2.63,-18.94,-0.29497670200477205
017860,DS단석,9.51,35.62,0.880139168813113
281820,케이씨텍,3.75,-16.64,-0.25476633727811804
089590,제주항공,2.53,-15.43,-0.260278458056387
181710,NHN,2.44,5.63,0.09557157726046314
090460,비에이치,2.8,2.25,0.023031956503953992
032350,롯데관광개발,2.1,-23.48,-0.39023097471715656
344820,KCC글라스,1.1,-8.62,-0.14214300228512589
013890,지누스,4.16,45.15,0.7785354044089393
064960,SNT모티브,1.38,-10.02,-0.19942066883397302
002350,넥센타이어,1.78,-17.26,-0.3109628551675525
403550,쏘카,1.35,-0.11,0.013519963665195419
049770,동원F&B,1.86,-6.37,-0.09519055524478683
091810,티웨이항공,4.39,-16.41,-0.1476041693176498
001060,JW중외제약,2.43,-10.51,-0.14081418338444754
016380,KG스틸,2.43,-14.8,-0.23233018580315895
000500,가온전선,5.91,51.31,0.8086649756075225
005880,대한해운,1.99,-9.19,-0.15848306124204817
019170,신풍제약,2.34,-13.33,-0.21665922069643753
000070,삼양홀딩스,1.39,-18.32,-0.29763806201469045
009900,명신산업,3.35,-17.72,-0.2844395034218605
105630,한세실업,2.22,-11.25,-0.19260631011611273
456040,OCI,2.8,-23.29,-0.4451246218835428
178920,PI첨단소재,3.8,-8.33,-0.11108570183202278
348950,제이알글로벌리츠,1.68,-11.32,-0.21766234606967452
170900,동아에스티,2.52,-14.69,-0.24964041685356317
093370,후성,2.92,-22.88,-0.42013200429710623
00680K,미래에셋증권2우B,1.37,-0.13,0.004872531256526802
079900,전진건설로봇,6.69,124.14,1.6465496254117045
006110,삼아알미늄,4.37,-37.59,-0.5816083043992124
057050,현대홈쇼핑,1.51,-4.08,-0.07418768009107955
008730,율촌화학,3.84,-5.08,-0.010983934858327781
241590,화승엔터프라이즈,2.54,1.62,0.044962454399414105
003470,유안타증권,1.37,-8.73,-0.14285786624283645
192650,드림텍,2.72,-11.91,-0.13595155977630377
006650,대한유화,3.38,-26.98,-0.544940661285487
383800,LX홀딩스,0.94,-3.94,-0.06489693361231451
272450,진에어,3.01,-1.4,0.020346175444638747
005690,파미셀,3.64,61.17,0.8549796345438329
145990,삼양사,1.28,-4.3,-0.04511945594734963
002030,아세아,1.42,-7.86,-0.13298058987846806
377740,바이오노트,1.45,2.67,0.08482220729878936
097230,HJ중공업,7.04,123.11,1.5667170682911555
000155,두산우,3.39,50.87,0.7475492324067804
014830,유니드,2.94,-9.39,-0.18061855282926137
075580,세진중공업,3.83,15.35,0.26572909065297723
016800,퍼시스,2.19,-0.48,-0.02385530166444234
000370,한화손해보험,2.38,-18.19,-0.32885376839339636
007700,F&F홀딩스,1.29,-11.35,-0.19831434364871411
017940,E1,1.3,-9.45,-0.13712213449489455
453340,현대그린푸드,1.84,17.5,0.28566854558171
002240,고려제강,1.28,3.48,0.05296202102193079
475560,더본코리아,4.6,-39.36,-1.1575162734654765
100840,SNT에너지,5.53,77.6,1.0734284233816782
093050,LF,1.63,2.41,0.05941357647630452
071320,지역난방공사,3.82,-13.46,-0.18574226420487155
077970,STX엔진,3.76,0.05,0.08882187879978455
005610,SPC삼립,1.58,4.17,0.07043699981192958
284740,쿠쿠홈시스,1.89,-11.48,-0.2181202483160956
499790,GS피앤엘,3.0,-10.64,-2.2398433302304563
484870,엠앤씨솔루션,4.84,-8.71,-0.546768719944351
003160,디아이,5.07,-2.97,0.044258721121259045
475150,SK이터닉스,3.4,-24.74,-0.43790960047478744
003300,한일홀딩스,2.15,6.16,0.127860892634482
448730,삼성FN리츠,1.11,-2.29,-0.03258616282305617
034120,SBS,5.86,44.99,0.7455126250849611
126560,현대퓨처넷,2.75,-6.16,-0.16770785449760559
002960,한국쉘석유,1.57,0.63,0.020146314698401342
195870,해성디에스,3.36,-19.27,-0.3144048452654354
017810,풀무원,2.57,3.15,0.052122375312790487
003920,남양유업,2.47,5.6,0.12442072559311199
432320,KB스타리츠,1.51,-7.84,-0.12290734576859878
034310,NICE,1.17,-2.34,-0.014600429314030057
357120,코람코라이프인프라리츠,1.63,-11.53,-0.19077449834444835
003545,대신증권우,0.77,0.98,0.009414010194553901
460860,동국제강,2.27,-18.3,-0.3293765916692609
003280,흥아해운,2.25,-23.59,-0.4336470617731761
094800,맵스리얼티1,1.2,-9.5,-0.16092525015519515
183190,아세아시멘트,1.59,-8.28,-0.11627840564060096
084690,대상홀딩스,6.66,26.69,0.5481954043133566
003520,영진약품,2.32,-13.11,-0.18286503141197955
084010,대한제강,1.92,17.25,0.3064811400933206
029530,신도리코,1.18,-8.02,-0.16908500929044662
058650,세아홀딩스,2.09,-6.85,-0.10155118191976342
005810,풍산홀딩스,1.88,-4.07,-0.05809089484092126
003960,사조대림,3.49,-17.65,-0.2808891952725
031430,신세계인터내셔날,2.26,-24.96,-0.4497736499175667
004690,삼천리,0.99,0.67,0.017794209070293728
005389,현대차3우B,1.38,-10.48,-0.18649128892155295
004700,조광피혁,1.35,-1.62,0.0028878044739705307
036530,SNT홀딩스,1.62,-3.49,-0.005818576247837963
026890,스틱인베스트먼트,2.32,7.46,0.12348924134903923
097520,엠씨넥스,2.88,9.84,0.17699035299286994
005090,SGC에너지,1.89,-13.31,-0.2346289653705362
093230,이아이디,0.0,0.0,0.0
123890,한국자산신탁,0.94,-4.57,-0.07070134114012581
161000,애경케미칼,3.1,-39.0,-0.776342076513054
020000,한섬,1.36,-13.74,-0.2495706475245759
018250,애경산업,2.61,-28.29,-0.5934497162749911
104700,한국철강,2.62,-4.17,-0.05232503518281677
306200,세아제강,1.71,2.48,0.03950349073854897
003220,대원제약,1.71,3.21,0.07726320036586595
060980,HL홀딩스,1.1,-2.85,-0.044566664581838035
090435,아모레퍼시픽우,2.14,-12.67,-0.24821691159959502
001340,백광산업,3.85,-28.98,-0.47405782486084885
200880,서연이화,2.7,-14.69,-0.2460627062464291
027410,BGF,1.3,-2.96,-0.0462960984646719
249420,일동제약,2.28,-16.99,-0.2947253431246201
003000,부광약품,2.4,-6.03,-0.06531758702436147
00104K,CJ4우(전환),2.28,-7.12,-0.18535078415194264
025860,남해화학,1.24,-6.02,-0.0983080868052194
005390,신성통상,1.72,-8.28,-0.12599507918399086
001940,KISCO홀딩스,2.08,-2.79,-0.025818291932443633
130660,한전산업,2.81,-29.94,-0.5816564066394202
071055,한국금융지주우,1.49,5.39,0.07531820072636165
033270,유나이티드제약,1.81,-10.67,-0.1876896509335472
000520,삼일제약,4.61,-18.64,-0.14982093517628975
002310,아세아제지,1.55,-14.51,-0.23908767081774993
286940,롯데이노베이트,2.48,-16.44,-0.3272219011491638
015360,예스코홀딩스,2.35,7.96,0.16489527094959786
009290,광동제약,1.77,-1.75,-0.04275495924318287
072710,농심홀딩스,1.02,-3.93,-0.07679698843495325
00088K,한화3우B,1.01,-1.19,-0.033432237413533565
900140,엘브이엠씨홀딩스,3.08,-33.23,-0.5675277441801853
108670,LX하우시스,1.74,-24.68,-0.45621270506690004
007690,국도화학,2.04,-4.07,-0.09327946187217755
001820,삼화콘덴서,2.96,-24.31,-0.3619204675912545
002320,한진,1.42,1.38,0.024770041286523898
051905,LG생활건강우,1.33,-10.11,-0.24082232399453746
001270,부국증권,1.4,-5.33,-0.06698437595472748
126720,수산인더스트리,3.16,-5.06,-0.05233917074887296
009680,모토닉,0.93,-2.18,-0.038168180908223485
035150,백산,1.93,-9.48,-0.18816531398131808
033240,자화전자,3.23,-29.14,-0.5560300315799039
377190,디앤디플랫폼리츠,1.89,-10.13,-0.16948779099139757
000480,CR홀딩스,0.8,-0.7,-0.011386615286739973
122900,아이마켓코리아,0.83,-5.12,-0.0762005481717239
088260,이리츠코크렙,1.88,-17.0,-0.3020371088358068
298690,에어부산,1.85,-2.77,-0.05466612030920377
004430,송원산업,2.84,-17.36,-0.24109747641961624
006220,제주은행,2.46,-5.86,-0.10108723446629998
012030,DB,2.91,-11.99,-0.14123405758010815
006390,한일현대시멘트,1.46,-5.47,-0.030876110678891844
000490,대동,4.35,15.45,0.2995126354319773
001390,KG케미칼,2.46,-12.35,-0.21091023768985548
034830,한국토지신탁,0.91,-4.01,-0.06572547661755745
011760,현대코퍼레이션,2.22,3.57,0.08804892907002687
011930,신성이엔지,2.79,-25.68,-0.4652775252679062
272550,삼양패키징,1.01,-6.97,-0.11822652875882615
005500,삼진제약,1.66,-4.06,-0.031201762306284877
017390,서울가스,0.84,-6.47,-0.11108931712105327
102460,이연제약,2.91,-2.48,-0.019688685675306447
006060,화승인더,1.63,15.76,0.24431281860735926
009160,SIMPAC,2.46,-7.8,-0.10397176355324368
010690,화신,3.26,-23.34,-0.3917951945436945
322000,HD현대에너지솔루션,3.4,-11.22,-0.16786862848238773
001200,유진투자증권,3.34,-40.38,-0.8241946778524406
001790,대한제당,1.68,-9.8,-0.1688879577117765
117580,대성에너지,2.03,-13.89,-0.2284297760417468
007460,에이프로젠,4.09,-32.12,-0.5935055737917961
001630,종근당홀딩스,1.63,-15.78,-0.28733820116823944
001230,동국홀딩스,1.06,-8.45,-0.1616198940091471
000430,대원강업,1.55,-5.77,-0.09740296535136342
005720,넥센,1.17,-0.45,-0.035883785775301394
006405,삼성SDI우,2.46,-34.22,-0.6653875511802414
003350,한국화장품제조,5.04,-35.91,-0.6100407798338595
037270,YG PLUS,8.14,32.5,0.7731473655454996
226320,잇츠한불,2.12,-8.2,-0.14006527546273922
001500,현대차증권,2.05,-16.91,-0.2805582663392153
007570,일양약품,1.96,-5.2,-0.0804032467923767
024720,콜마홀딩스,2.77,-9.09,-0.16363755590541923
002810,삼영무역,0.81,-0.55,-0.00857487310930715
005945,NH투자증권우,0.86,2.43,0.043684782706795426
008060,대덕,0.93,9.74,0.1592392885495449
006340,대원전선,5.16,2.52,0.11677460486781775
016590,신대양제지,1.55,-0.7,0.017731343632160224
037710,광주신세계,0.65,-1.03,-0.018119225281317628
029460,케이씨,1.66,-19.18,-0.3326447664355978
334890,이지스밸류리츠,2.07,-15.07,-0.25309647275899055
001250,GS글로벌,3.13,-27.6,-0.48750090331904344
013360,일성건설,10.54,218.49,2.435820334281212
007810,코리아써키트,2.77,-11.6,-0.2353904393638126
000680,LS네트웍스,2.88,-18.8,-0.3103534314433882
001510,SK증권,1.48,-6.69,-0.12074201408862857
096760,JW홀딩스,1.58,-2.1,-0.006972984286327348
016580,환인제약,1.27,-9.47,-0.16645651860415495
002150,도화엔지니어링,1.75,-2.23,-0.017598105566148017
092230,KPX홀딩스,1.04,-7.09,-0.1053415590511266
084680,이월드,2.56,-10.21,-0.13015891951149983
000540,흥국화재,2.33,-2.56,-0.0724009817941606
016610,DB금융투자,1.92,-7.32,-0.1263601770568934
452260,한화갤러리아,1.77,-18.87,-0.2915322742206738
005010,휴스틸,1.92,-7.67,-0.11898293702007348
053210,스카이라이프,1.29,-9.21,-0.13269894906586183
011500,한농화성,3.32,-34.12,-0.6070055409185551
109070,주성코퍼레이션,0.0,0.0,0.0
001130,대한제분,1.1,-8.2,-0.13052738098238742
004360,세방,1.26,-12.35,-0.2323782214748741
039570,HDC랩스,1.4,2.74,0.03618767091326266
002630,오리엔트바이오,10.94,290.22,2.8442178969817222
003580,HLB글로벌,3.78,-9.56,-0.16246739948601363
009470,삼화전기,4.12,-32.56,-0.6277203949494791
000140,하이트진로홀딩스,1.17,-1.73,-0.015063912703701865
035510,신세계 I&C,5.54,40.92,0.7258653916752655
019680,대교,2.38,16.75,0.2781354834817039
025000,KPX케미칼,1.14,-9.51,-0.1617109948547526
004380,삼익THK,3.39,2.26,0.07582793564398482
001470,삼부토건,10.12,75.1,1.4095357362621466
213500,한솔제지,1.23,-7.27,-0.12008306343555634
138490,코오롱ENP,2.31,-9.8,-0.17580429779441795
003120,일성아이에스,1.37,-5.61,-0.11834949079448265
002900,TYM,5.58,40.47,0.6959106179644794
044450,KSS해운,1.72,-5.76,-0.08793569436001143
001780,알루코,2.53,-18.97,-0.29863555791242596
095570,AJ네트웍스,1.39,-7.82,-0.1330384558581776
005680,삼영전자,1.3,3.36,0.05296659533395328
194370,제이에스코퍼레이션,2.6,1.2,0.018018831590796973
404990,신한서부티엔디리츠,1.91,-7.03,-0.09023071729537847
008350,남선알미늄,4.07,2.15,0.13150361072682076
092790,넥스틸,5.31,-9.42,-0.03969507643121748
293480,하나제약,1.36,-3.35,-0.04170427468123129
037560,LG헬로비전,1.61,-7.72,-0.12108355923904893
030210,다올투자증권,3.08,3.34,0.10530360159116443
053690,한미글로벌,4.26,16.46,0.33195956378008656
078520,에이블씨엔씨,2.47,-1.51,-0.07080049952603251
028100,동아지질,2.12,14.29,0.2471930455685506
015860,일진홀딩스,1.56,-1.32,-0.012341293789781719
102260,동성케미컬,1.54,-14.99,-0.26200395498191825
003610,방림,3.49,25.79,0.42792004106773746
009580,무림P&P,1.88,1.55,0.04567325712531599
001460,BYC,1.37,-10.91,-0.17285661095635826
095720,웅진씽크빅,3.05,-8.53,-0.1059984965410219
462520,조선내화,1.68,-10.89,-0.18007329861526972
018470,조일알미늄,2.68,-24.05,-0.3698310600183774
004980,성신양회,1.64,-7.48,-0.11610496971220537
460850,동국씨엠,1.75,-7.62,-0.14702692078682542
003200,일신방직,1.22,-5.49,-0.09475268267672643
033920,무학,1.85,7.86,0.11201293188945821
107590,미원홀딩스,0.97,-1.02,-0.033657876287857554
006490,인스코비,6.67,-18.59,-0.17141607877073609
003555,LG우,0.63,-1.34,-0.025992738733770133
002020,코오롱,3.22,-2.42,-0.0033145132948787883
101530,해태제과식품,2.35,4.26,0.09942596326272166
005430,한국공항,2.78,3.7,0.11386155206963446
004560,현대비앤지스틸,3.17,-18.25,-0.26716083331003154
000020,동화약품,1.47,-17.58,-0.32185553224835817
002100,경농,1.02,-0.98,-0.01135629382624718
417310,코람코더원리츠,1.35,-12.35,-0.17667761710831306
000050,경방,2.29,0.63,0.11318813457072287
011000,진원생명과학,3.2,-8.52,-0.09253894465273675
071840,롯데하이마트,1.41,-8.72,-0.13611317827420472
271980,제일약품,2.34,-20.5,-0.3265091408592655
007110,일신석재,8.52,59.9,1.1075660557623082
100250,진양홀딩스,0.89,-2.36,-0.04120648760227792
004090,한국석유,2.55,-33.09,-0.6309389800012284
234080,JW생명과학,1.34,-1.26,0.0041620743386030275
134380,미원화학,1.0,-1.26,-0.024535014737051736
058430,포스코스틸리온,2.64,-28.04,-0.5469970610191913
007160,사조산업,5.1,-44.44,-0.8138443677067183
000390,삼화페인트,2.47,-18.55,-0.23872550467658737
003070,코오롱글로벌,4.14,-5.19,0.01254993579830385
000320,노루홀딩스,1.15,-6.41,-0.09278081225515415
002390,한독,2.84,-7.47,-0.1215304969941948
016450,한세예스24홀딩스,6.7,-6.44,0.08198984945159755
097955,CJ제일제당 우,1.29,-4.89,-0.09887547211382465
001520,동양,2.06,-10.94,-0.2013863864291295
083420,그린케미칼,4.06,6.75,0.1736934466138468
000860,강남제비스코,1.61,-3.76,-0.05744585948116683
077500,유니퀘스트,5.39,57.78,0.8855871177839368
036420,콘텐트리중앙,3.2,-12.55,-0.18993564486160774
214390,경보제약,2.19,26.37,0.4127408760172339
009155,삼성전기우,2.0,-10.44,-0.17466743220110248
027970,한국제지,4.76,-16.21,-0.2333166293584527
001380,SG글로벌,9.28,23.94,0.7699339487474339
092220,KEC,2.84,-15.07,-0.2751167960603547
007860,서연,2.52,-8.0,-0.107655918103455
450140,코오롱모빌리티그룹,6.81,11.21,0.3396206382119623
010955,S-Oil우,1.41,-7.62,-0.09526040065084915
004250,NPC,2.11,-16.22,-0.26595026695634616
081000,일진다이아,2.51,-14.02,-0.22202802372572605
090350,노루페인트,1.5,-10.86,-0.15406923820342017
079430,현대리바트,2.18,-1.9,-0.03175324042621475
008110,대동전자,0.0,0.0,0.0
000300,대유플러스,0.0,0.0,0.0
068290,삼성출판사,3.92,5.59,0.14930612562024675
009270,신원,3.74,25.02,0.4597248125662165
003650,미창석유,1.6,-10.57,-0.1885467980704288
070960,모나용평,3.16,-23.13,-0.3886204724528432
298000,효성화학,5.62,-12.85,-0.09484866320617222
214420,토니모리,3.6,-30.19,-0.5854301189960354
092200,디아이씨,4.28,-0.76,0.04550138781336983
008490,서흥,2.01,-22.41,-0.40663923324331497
012320,경동인베스트,2.59,-16.69,-0.27492771341666394
002170,삼양통상,1.12,3.27,0.07180983453862572
001020,페이퍼코리아,2.68,18.71,0.3353344146042862
010820,퍼스텍,3.54,6.22,0.13921431793486724
128820,대성산업,2.33,-9.1,-0.13706711223574514
001750,한양증권,2.11,-8.32,-0.15205354034787963
010580,에스엠벡셀,4.04,8.88,0.2160663428761396
001360,삼성제약,2.33,-11.39,-0.1882475682745083
003547,대신증권2우B,0.78,-0.94,-0.011657382683009265
015230,대창단조,2.02,0.0,0.010168434328706732
400760,NH올원리츠,1.07,-6.64,-0.09722842679090143
015890,태경산업,1.43,-4.9,-0.08957999310647985
004970,신라교역,1.49,-3.83,-0.06647288519395703
011785,금호석유우,1.8,-29.81,-0.6060640054894608
003830,대한화섬,0.85,-10.08,-0.16504062242776746
339770,교촌에프앤비,4.02,27.39,0.5103340797930316
011330,유니켐,3.47,2.58,0.11901386078754278
350520,이지스레지던스리츠,0.76,-3.38,-0.05854864577723181
005950,이수화학,2.88,-28.78,-0.5438084423105741
011280,태림포장,1.94,-9.75,-0.19690095636786603
000970,한국주철관,0.99,-3.43,-0.06888117599696411
011810,STX,2.97,-19.31,-0.30456769712685455
034300,신세계건설,0.1,-0.39,-0.005459948298028132
094280,효성ITX,0.82,-4.13,-0.09063258862220704
214330,금호에이치티,3.34,3.02,0.10919886808086318
000700,유수홀딩스,0.75,3.91,0.06338398984696718
008040,사조동아원,1.96,-1.52,-0.016824216351770855
210980,SK디앤디,2.28,-15.68,-0.29779174523868485
363280,티와이홀딩스,2.37,-23.09,-0.4253195310513284
004080,신흥,0.17,0.63,0.00944355396124493
136490,선진,1.82,-19.75,-0.3308506623024412
025820,이구산업,2.89,-17.36,-0.29996167534841994
267850,아시아나IDT,4.06,-27.19,-0.43624269375211305
105840,우진,2.95,-15.92,-0.2339605432610878
003780,진양산업,5.3,50.37,0.8173355320034524
006840,AK홀딩스,2.31,-24.54,-0.4321216912107915
004710,한솔테크닉스,2.13,-8.42,-0.12954637784287532
031440,신세계푸드,3.66,-5.07,-0.03171532818429913
006890,태경케미컬,1.94,-4.26,0.06178629476855548
024090,디씨엠,1.1,-8.97,-0.15329852379757225
02826K,삼성물산우B,1.5,-12.15,-0.22589730194845398
001045,CJ우,1.06,-3.05,-0.06569864454487226
003060,에이프로젠바이오로직스,2.79,-27.02,-0.518321940700489
014580,태경비케이,2.5,4.83,0.1113342665423856
002620,제일파마홀딩스,2.41,-9.76,-0.14429749209057316
317400,자이에스앤디,1.97,-18.67,-0.30834742077547544
033180,KH 필룩스,0.0,0.0,0.0
003720,삼영,2.92,-28.33,-0.5583191632441059
000105,유한양행우,3.3,-25.64,-0.4454022402260152
020120,키다리스튜디오,3.42,-4.36,-0.04468961668716155
007210,벽산,1.9,-9.41,-0.16314861850516066
210540,디와이파워,1.93,-10.17,-0.15770540896293408
003460,유화증권,0.84,-2.45,-0.03036709025761568
001080,만호제강,3.11,1.02,0.016423100469572717
014530,극동유화,1.58,-11.54,-0.17499570028216707
002780,진흥기업,2.44,0.48,0.034722133842411955
015590,KIB플러그에너지,2.48,30.38,0.45994429850001695
120030,조선선재,0.89,1.9,0.03523151552593381
002210,동성제약,1.98,2.89,0.0649692425125575
063160,종근당바이오,2.52,-24.7,-0.4316326046536347
00279K,아모레G3우(전환),1.05,-12.49,-0.24736336196313272
012800,대창,4.17,-1.28,0.04866930487700886
017550,수산중공업,2.11,12.98,0.22215307768990974
009070,KCTC,2.5,-17.7,-0.3665331219440787
014280,금강공업,2.86,-8.03,-0.0921986187940066
023450,동남합성,1.64,1.06,0.035637486934876714
018500,동원금속,8.27,86.75,1.3144493571620517
014160,대영포장,2.04,3.76,0.05501553285409099
012600,청호ICT,0.0,0.0,0.0
248170,샘표식품,2.41,-8.63,-0.14548919789292664
004310,현대약품,3.19,-16.57,-0.2722122971981287
058850,KTcs,3.14,-10.86,-0.11490708415865566
012610,경인양행,1.7,-13.44,-0.23636484972040572
013580,계룡건설,1.36,-7.99,-0.13319193589178105
111380,동인기연,2.8,-7.69,-0.11542521177149266
005870,휴니드,4.9,0.5,0.07414039394945011
487570,HS효성,1.99,-26.63,-0.5187275468943606
016710,대성홀딩스,1.01,-12.0,-0.19736133479274567
033530,SJG세종,2.06,-14.8,-0.27486412918718284
019440,세아특수강,1.13,-4.1,-0.07670282105238752
002200,한국수출포장,0.86,8.74,0.1336466436041541
002720,국제약품,3.14,-3.47,0.0015175838725325352
089470,HDC현대EP,1.75,-16.57,-0.3041061269753527
007540,샘표,1.86,-14.08,-0.2480257116468439
017370,우신시스템,3.32,-4.57,-0.06089032165313845
012690,모나리자,4.53,-3.21,0.03131851547360207
004830,덕성,4.64,1.17,0.11379595031968698
034590,인천도시가스,0.52,-3.52,-0.058376688961623104
003480,한진중공업홀딩스,1.32,5.19,0.08571960785692116
011150,CJ씨푸드,2.78,-8.27,-0.15815138827327951
396690,미래에셋글로벌리츠,1.12,-4.93,-0.10428701289817119
008700,아남전자,3.36,8.62,0.17903465767386711
004140,동방,2.62,-15.72,-0.26380661184033166
008970,동양철관,3.02,-23.01,-0.4134812974665272
002450,삼익악기,1.45,7.82,0.14185731542687158
013570,디와이,2.04,-19.94,-0.3476693934152557
000157,두산2우B,3.37,45.47,0.6770811413042449
267290,경동도시가스,0.82,-6.77,-0.12044105074100939
035000,HS애드,0.75,-1.72,-0.023582998096886767
139990,아주스틸,1.9,-24.27,-0.44132858502808026
016090,대현,1.63,10.53,0.204137645296366
007280,한국특강,2.53,14.13,0.21680120626980182
017900,광전자,1.66,-6.76,-0.12229104130644301
002700,신일전자,1.52,-6.08,-0.09978236755250834
123690,한국화장품,2.74,-13.38,-0.2585750757601254
002600,조흥,1.2,-4.88,-0.08384906373369266
002460,HS화성,2.07,7.8,0.21343971489081326
004150,한솔홀딩스,1.2,1.07,0.02482309005253612
244920,에이플러스에셋,1.82,4.89,0.08386872641583243
002990,금호건설,2.75,-15.81,-0.2520877557982577
008260,NI스틸,2.49,-15.76,-0.25595150561235297
264900,크라운제과,1.27,-9.12,-0.1358353503328978
010100,한국무브넥스,2.83,-16.49,-0.26077669175760004
024900,덕양산업,2.4,-16.87,-0.3336295532817271
163560,동일고무벨트,2.82,-4.86,-0.09112406821195593
016740,두올,2.12,-10.03,-0.10971071844079638
004100,태양금속,6.56,-9.97,-0.022286922760968317
047400,유니온머티리얼,3.29,5.81,0.151711335850282
023000,삼원강재,1.34,-8.53,-0.1523528424482416
096775,SK이노베이션우,1.99,-6.57,-0.10413594271113596
004890,동일산업,1.1,-8.27,-0.1378450464802927
101140,인바이오젠,0.0,0.0,0.0
001560,제일연마,2.07,12.49,0.19736794579647796
227840,현대코퍼레이션홀딩스,0.83,-3.38,-0.027093342213591425
000180,성창기업지주,1.88,-17.16,-0.2989753942025512
015020,이스타코,9.8,241.81,2.5133466745394624
023800,인지컨트롤스,2.63,-10.26,-0.06690081892435988
058860,KTis,1.54,-3.5,-0.047558615233009284
010040,한국내화,1.66,-4.55,-0.07106862556726175
481850,신한글로벌액티브리츠,1.86,-17.95,-0.3413353356602863
372910,한컴라이프케어,2.45,-19.11,-0.3473466960191318
011700,한신기계,3.22,-17.63,-0.27308045601590447
079980,휴비스,2.41,-12.1,-0.21430345975079437
093240,형지엘리트,9.43,39.0,0.8962557095827433
004540,깨끗한나라,6.32,6.26,0.2614592050869408
019490,하이트론,5.82,-30.65,-0.43234227225268074
078000,텔코웨어,0.91,-1.86,-0.022013732188364
005960,동부건설,1.51,-10.0,-0.16997455362516173
069460,대호에이엘,2.44,16.68,0.28232673318197016
009200,무림페이퍼,2.09,-0.48,-0.014260046900564179
000230,일동홀딩스,3.92,-7.53,-0.07355636884274919
007590,동방아그로,0.59,-0.97,-0.025286597288382378
032560,황금에스티,1.34,-10.91,-0.19845649872189283
005740,크라운해태홀딩스,1.76,-6.2,-0.11345167339031055
004840,DRB동일,2.58,-9.77,-0.14241916622655054
005800,신영와코루,1.13,0.88,0.0299397664591446
011390,부산산업,6.26,58.66,0.9503923042879525
067830,세이브존I&C,1.68,-6.1,-0.09122193124826708
004770,써니전자,5.51,38.73,0.6845181436823182
044820,코스맥스비티아이,1.29,-2.07,-0.028498045828463374
036580,팜스코,5.73,-2.2,0.0959136247950741
014790,HL D&I,2.21,-11.86,-0.1723294194966061
004870,티웨이홀딩스,7.54,37.79,0.799815972534636
000590,CS홀딩스,1.24,3.69,0.07782399757025901
000220,유유제약,2.2,3.59,0.07877555612825754
000910,유니온,4.13,27.32,0.4602492499492118
001260,남광토건,7.11,28.16,0.6736287026983591
004720,팜젠사이언스,2.18,-11.69,-0.20821296045315496
014710,사조씨푸드,3.64,-39.1,-0.7250620205074196
051630,진양화학,6.11,29.44,0.6072967916848299
013700,까뮤이앤씨,2.3,-0.23,0.013862844024175643
006090,사조오양,1.82,-6.21,-0.08867439127607293
010960,삼호개발,1.16,-2.66,-0.022586233319694664
074610,이엔플러스,4.52,-39.23,-0.7473128674084325
013520,화승코퍼레이션,1.88,-18.31,-0.3570786750089024
111110,호전실업,2.99,-1.37,0.018506281058858955
338100,NH프라임리츠,1.3,-10.03,-0.17670038614164849
006880,신송홀딩스,5.19,-2.14,0.06530058591854064
004910,조광페인트,2.43,-7.68,-0.12982452953746454
006660,삼성공조,2.89,-23.26,-0.4322855512261531
004960,한신공영,2.72,-7.04,-0.08105547424184474
007980,TP,2.54,6.18,0.12456295738678515
014440,영보화학,1.18,9.24,0.14445699885863839
129260,인터지스,4.05,11.66,0.26194140064777305
011690,와이투솔루션,3.04,-29.69,-0.5572322054144094
003925,남양유업우,11.77,-90.6,-1.5452845489471438
021820,세원정공,1.86,-2.5,-0.027298760516399293
092440,기신정기,1.44,-5.78,-0.07665151648852954
010640,진양폴리,4.31,8.15,0.22799586464995453
085310,엔케이,2.5,13.94,0.23745065436412252
014990,인디에프,7.49,39.33,0.8639081587910249
002410,범양건영,11.14,123.33,1.9053776243361054
102280,쌍방울,0.0,0.0,0.0
013870,지엠비코리아,1.13,-8.15,-0.1435539496898802
016880,웅진,2.25,-7.27,-0.1205604212693127
000890,보해양조,5.15,11.21,0.29363276938720834
017040,광명전기,3.16,-8.87,-0.08995731910578529
004450,삼화왕관,1.32,-2.04,-0.0257914731796734
023350,한국종합기술,6.63,35.92,0.696275268878585
002760,보락,5.66,-14.97,0.30618554720567764
091090,세원이앤씨,0.0,0.0,0.0
33626K,두산퓨얼셀1우,2.53,-10.13,-0.16128960278193372
002140,고려산업,5.21,-3.62,0.018672722860135313
078935,GS우,1.03,-3.14,-0.06303776742429919
001275,부국증권우,0.46,-0.45,-0.006498155636692575
004060,SG세계물산,2.07,-8.96,-0.1583839088822188
155660,DSR,3.11,5.55,0.13814479644112426
006740,영풍제지,2.56,-12.32,-0.2153585449533922
03473K,SK우,1.55,-8.38,-0.14311230613937073
009190,대양금속,2.86,-11.12,-0.11628186684694192
031820,콤텍시스템,1.88,-6.79,-0.11688750365840092
003560,IHQ,0.0,0.0,0.0
009770,삼정펄프,1.18,-3.19,-0.05673563063648691
075180,새론오토모티브,1.78,-13.99,-0.232978379785281
003010,혜인,2.26,0.0,0.025053749269281906
357250,미래에셋맵스리츠,1.31,-17.13,-0.3229935324995187
041650,상신브레이크,1.87,-14.6,-0.2404655117908089
055490,테이팩스,2.45,-30.79,-0.5812346114028756
017180,명문제약,2.98,-11.48,-0.1598419128562183
011300,성안머티리얼스,6.4,45.14,0.7568858105496997
092780,동양피스톤,2.15,-15.41,-0.2617919247402126
072130,유엔젤,4.43,8.49,0.26338860081089754
005750,대림B&Co,1.73,4.13,0.09156569969111998
006370,대구백화점,2.55,-26.31,-0.4380016163168241
008870,금비,2.38,6.49,0.09474414976148389
006805,미래에셋증권우,4.31,3.02,0.1291340938514343
000850,화천기공,1.66,-5.88,-0.09309243598664678
010660,화천기계,5.79,-11.17,-0.03067497326231079
002360,SH에너지화학,3.27,-4.31,-0.030778093006557494
009180,한솔로지스틱스,1.52,-10.11,-0.1732291047718352
009810,플레이그램,4.21,14.93,0.2633736015466427
004920,씨아이테크,2.68,-22.08,-0.4190632782037659
378850,화승알앤에이,2.7,-25.64,-0.4603219604264072
465770,STX그린로지스,3.57,-31.81,-0.5920071648135098
100220,비상교육,5.7,-10.19,-0.04817703833530569
008250,이건산업,1.42,4.99,0.07116170145670786
019180,티에이치엔,1.64,-3.92,-0.06830683529802425
023810,인팩,1.81,-27.62,-0.5102461007456385
145210,다이나믹디자인,4.16,-49.88,-1.2466773337199828
002795,아모레G우,0.99,-6.41,-0.14024129851225292
071090,하이스틸,3.46,-17.84,-0.2811856409318254
004410,서울식품,1.52,-7.93,-0.11613604568883514
069730,DSR제강,2.62,4.69,0.10956656096544073
011230,삼화전자,5.05,8.35,0.2521736419190708
001550,조비,2.36,-5.36,-0.07528968740740716
021050,서원,2.14,-10.63,-0.16978675020061285
011420,갤럭시아에스엠,4.36,-12.83,-0.18267304051540362
058730,다스코,3.72,-8.88,-0.08273598010078896
001620,케이비아이동국실업,1.55,-14.26,-0.2700307345164065
007610,선도전기,0.0,0.0,0.0
002880,대유에이텍,2.27,7.26,0.1750057455912394
025750,한솔홈데코,2.11,-10.19,-0.15472588177827376
027740,마니커,1.43,-12.76,-0.22606657732248234
008600,윌비스,6.93,76.36,1.1674793068705946
120115,코오롱인더우,1.08,-13.3,-0.22413287413559063
308170,씨티알모빌리티,2.84,1.86,0.042172681421308394
000650,천일고속,1.4,-12.2,-0.22289758539525603
005305,롯데칠성우,0.79,-0.9,-0.019494022777590277
002220,한일철강,1.69,-4.41,-0.06097552302575438
001210,금호전기,3.43,4.98,0.2639274342478882
003080,성보화학,0.68,-5.64,-0.09754790205809344
009320,아진전자부품,3.31,-6.78,-0.06174551649402685
010600,웰바이오텍,0.0,0.0,0.0
090080,평화산업,1.8,-12.06,-0.21266014428837796
002920,유성기업,1.06,-11.81,-0.20759012780246872
023960,에쓰씨엔지니어링,3.96,-31.82,-0.6393747267452791
026940,부국철강,1.98,-9.21,-0.14490140827483805
025530,SJM홀딩스,1.21,-10.69,-0.18101605126867368
008420,문배철강,2.85,-5.31,-0.054580060359940966
012280,영화금속,1.68,15.92,0.26025183126104673
145270,케이탑리츠,1.0,-5.42,-0.07167221174093982
001290,상상인증권,1.48,-9.81,-0.17157270567044744
118000,메타케어,1.86,-19.77,-0.3162563848659295
006980,우성,2.13,-9.89,-0.13918844718489953
000725,현대건설우,2.6,-3.86,-0.020472550642601593
357430,마스턴프리미어리츠,1.83,-31.95,-0.6330630187133467
013000,세우글로벌,3.4,21.92,0.36438866386891505
123700,SJM,1.37,-15.54,-0.27184019585943847
134790,시디즈,3.36,-21.91,-0.33939817440524134
012200,계양전기,2.07,5.8,0.1221877121708289
009835,한화솔루션우,3.09,-16.76,-0.2630880136777025
020760,일진디스플,1.57,-14.19,-0.2408271447254459
37550L,DL이앤씨2우(전환),1.36,-1.43,-0.006949402717525266
002870,신풍,5.84,22.33,0.561657565369927
009460,한창제지,1.95,-10.54,-0.17513491216982147
004440,삼일씨엔에스,2.12,-17.01,-0.2696961260862365
006125,SK디스커버리우,1.03,2.08,0.036747727276288944
025560,미래산업,5.72,-31.53,-0.5981629170751349
28513K,SK케미칼우,1.82,-12.85,-0.2020192052905737
049800,우진플라임,1.81,-8.33,-0.15063144492582795
012160,영흥,2.3,-13.45,-0.2349563659777224
004270,남성,2.62,-17.43,-0.2812332889182127
024890,대원화성,5.08,-16.21,-0.18932613179438343
012170,아센디오,4.38,-27.36,-0.5108110481007744
143210,핸즈코퍼레이션,1.49,-10.87,-0.13160436141594747
014130,한익스프레스,2.34,-8.32,-0.14703230399035758
006570,대림통상,2.68,-8.39,-0.11350935191488584
023150,MH에탄올,2.53,-7.92,-0.12686937030157608
003465,유화증권우,1.22,1.58,0.033459717537442736
005360,모나미,2.43,-11.49,-0.18844603612332295
446070,유니드비티플러스,2.45,-20.17,-0.31887571185048597
119650,KC코트렐,5.3,-5.36,0.09638738705120774
005030,부산주공,0.0,0.0,0.0
033250,체시스,5.37,-13.67,-0.09712877560324402
003475,유안타증권우,1.01,-1.89,-0.04392935818561595
069640,한세엠케이,4.78,-28.55,-0.45014330420678966
002820,SUN&L,2.45,-11.94,-0.1665786053393308
010770,평화홀딩스,1.86,-11.76,-0.19992687405441373
011090,에넥스,4.93,2.91,0.194544617894013
019175,신풍제약우,1.79,-17.56,-0.29609163737658345
003535,한화투자증권우,5.57,11.46,0.31830217543249467
000215,DL우,1.71,-17.59,-0.30741264984631295
33637K,솔루스첨단소재1우,2.37,-23.47,-0.4045079874955866
090370,메타랩스,2.6,-15.69,-0.25709694855666493
37550K,DL이앤씨우,1.46,0.57,0.020897780666977457
001140,국보,0.0,0.0,0.0
006200,한국전자홀딩스,1.44,-7.88,-0.12646836794614424
005320,온타이드,4.16,-0.2,0.03732647310461914
024070,WISCOM,3.49,-0.93,0.030063498129462695
009140,경인전자,1.99,0.0,0.015513623368793769
003680,한성기업,1.75,0.19,0.011870765100968997
009310,참엔지니어링,2.98,-11.0,-0.17989611159686186
000950,전방,1.66,-7.18,-0.11563679861247438
005820,원림,1.53,-19.81,-0.3578019063516939
001420,태원물산,2.32,2.96,0.06404029520299002
000760,이화산업,2.11,-18.62,-0.3426105166619405
000040,KR모터스,2.81,-12.09,-0.18816231923462493
133820,화인베스틸,3.41,1.54,0.10013669241898723
001070,대한방직,1.61,-11.72,-0.18084464387418991
004365,세방우,1.21,-2.43,-0.03154727203931822
002420,세기상사,1.53,-17.59,-0.3450937240513295
001465,BYC우,0.58,0.86,0.009424641241965181
019685,대교우B,1.96,4.36,0.06581495078197733
071950,코아스,2.82,-11.85,-0.25097482011423816
002070,비비안,4.4,7.87,0.22009806753611824
002690,동일제강,2.74,-14.99,-0.22387309392223156
015260,에이엔피,3.37,-16.36,-0.28594642237332196
084870,TBH글로벌,3.07,-14.59,-0.21042570175761108
007120,미래아이앤지,2.87,-23.01,-0.3649294515978628
003495,대한항공우,0.98,-1.97,-0.035604506758997186
014910,성문전자,1.99,-15.23,-0.2559317563140433
33626L,두산퓨얼셀2우B,2.12,-9.23,-0.13163412786629416
010400,우진아이엔에스,3.59,-9.9,-0.14566913667541997
030720,동원수산,1.97,-13.5,-0.21990712069992632
005110,한창,0.0,0.0,0.0
008775,호텔신라우,1.34,-22.04,-0.4134823595998171
152550,한국ANKOR유전,6.3,-21.18,-0.20661244218286892
010420,한솔PNS,3.29,5.32,0.08045450343173838
00499K,롯데지주우,0.92,-14.7,-0.2683072264164863
025890,한국주강,4.58,-4.58,0.022631571197051503
088790,진도,1.7,-6.58,-0.0990613543829919
001685,대상우,2.19,-5.34,-0.08484983142699118
084670,동양고속,1.22,-14.88,-0.2433622806253394
108675,LX하우시스우,1.24,-13.77,-0.2460490072040616
009440,KC그린홀딩스,5.43,-10.44,-0.023798293177107733
044380,주연테크,2.19,-16.49,-0.2716394971245665
204210,스타에스엠리츠,4.31,-3.75,0.03434984728256367
005257,녹십자홀딩스2우,3.77,-5.07,-0.022802292788497065
45014K,코오롱모빌리티그룹우,8.95,83.27,1.3588944064833584
002355,넥센타이어1우B,1.56,-7.4,-0.12923565297390566
000087,하이트진로2우B,0.82,-2.72,-0.045600647740403816
084695,대상홀딩스우,6.73,-2.34,0.14651661623529202
025620,제이준코스메틱,2.27,-30.64,-0.5825635548274481
001770,SHD,2.09,-21.34,-0.37739606523401
35320K,대덕전자1우,1.98,-1.82,-0.023428153228018004
33637L,솔루스첨단소재2우B,2.76,-29.21,-0.5164577571869221
000075,삼양홀딩스우,1.29,-9.3,-0.14845469424884922
007815,코리아써우,2.02,-11.84,-0.19808503176904546
001795,대한제당우,1.19,-10.08,-0.1858730436383413
004105,태양금속우,6.62,-8.79,0.0359522099113622
140910,에이리츠,0.0,0.0,0.0
004255,NPC우,1.32,-2.96,-0.03537631247770992
004835,덕성우,5.86,-3.14,0.09344752148305153
008500,일정실업,3.49,-19.7,-0.35025156544223207
002025,코오롱우,2.31,-4.7,-0.04641621866536047
001067,JW중외제약2우B,1.73,8.02,0.07052386400427565
18064K,한진칼우,1.32,-7.87,-0.08154221963818413
003075,코오롱글로벌우,6.3,-3.23,0.12128608679069994
38380K,LX홀딩스1우,1.31,-9.11,-0.15825799630265036
168490,한국패러랠,8.64,-25.52,-0.154624041103998
145995,삼양사우,0.75,-3.08,-0.03575844027226346
005725,넥센우,0.84,-2.86,-0.023568844377545785
006345,대원전선우,8.0,3.61,0.3182152238673715
000225,유유제약1우,5.01,-9.73,-0.03987935436124816
001065,JW중외제약우,2.46,-0.67,0.017974177192078826
00806K,대덕1우,1.62,17.69,0.2508125116064014
004985,성신양회우,1.87,-4.22,-0.053104206123520764
26490K,크라운제과우,1.08,-4.23,-0.06622121135660906
000885,한화우,1.01,-10.11,-0.17632754771968237
000325,노루홀딩스우,3.51,-2.17,-0.0007311186292954019
001755,한양증권우,1.91,-21.06,-0.4104598879064014
001515,SK증권우,1.91,-9.94,-0.1997848107581662
45226K,한화갤러리아우,1.79,-16.27,-0.2553961978453082
090355,노루페인트우,2.12,-7.32,-0.1102283009692421
000145,하이트진로홀딩스우,0.87,-3.78,-0.05902667156455617
014825,동원시스템즈우,2.13,-15.14,-0.2256615318594081
36328K,티와이홀딩스우,6.26,-13.0,-0.03704675700507755
008355,남선알미우,5.48,-12.51,-0.08235534134719065
007575,일양약품우,1.72,-11.07,-0.18206625385854844
005965,동부건설우,5.27,-7.91,-0.015357552261482173
005745,크라운해태홀딩스우,1.65,-12.44,-0.24474374811502236
000545,흥국화재우,5.71,6.35,0.23529738615353685
004545,깨끗한나라우,6.43,-2.46,0.146408820182304
012205,계양전기우,2.74,-6.25,-0.026245684907889276
00781K,코리아써키트2우B,2.51,-15.9,-0.2619043295024215
011155,CJ씨푸드1우,7.81,13.97,0.48420318290716885
014285,금강공업우,2.65,-16.18,-0.23403337957604406
002995,금호건설우,11.02,41.59,1.1083058962992256
000227,유유제약2우B,4.52,-7.89,-0.047654034322221005
002785,진흥기업우B,4.28,-20.49,-0.29681285631339477
002787,진흥기업2우B,3.21,-9.97,-0.09477617446255134
009415,태영건설우,4.48,-38.01,-0.6968068709365524
014915,성문전자우,4.44,-8.73,-0.04448396858750001
001527,동양2우B,4.34,-12.35,-0.06779923225609022
001525,동양우,4.54,-7.7,-0.016594781894053088
004415,서울식품우,3.62,-11.11,-0.1358172955519507
