Code,Name,Volatility,TotalReturn,AvgReturn,Sector,Volume,Amount,Marcap
005930,삼성전자,1.5439945666495167,-1.6791044776119404,-0.07330493391509649,반도체와반도체장비,9295242,489788712600,314010562130000
000660,SK하이닉스,2.3410136346325747,3.395997574287447,0.38229995324003735,반도체와반도체장비,1318077,224949851100,124124403232500
373220,LG에너지솔루션,2.4001470989310634,-13.350125944584383,-0.6177154425514131,전기제품,72672,25241597000,80964000000000
207940,삼성바이오로직스,1.4402317073687634,-4.1365046535677354,-0.22173488258733612,제약,32971,30901115000,66049472000000
005380,현대차,2.119021568283486,-1.6317016317016315,-0.09600578197033638,자동차,243190,51712979500,44186816301000
000270,기아,2.5062157479376177,2.9591836734693877,0.37365072738969946,자동차,401062,40561247500,40164935832000
068270,셀트리온,2.417811505667789,1.3971519164621917,0.15897900676967783,제약,347201,63504784700,39334633984800
005935,삼성전자우,1.6670229093674127,-3.179824561403509,-0.14816437187471443,반도체와반도체장비,379779,16767897350,36371592140000
105560,KB금융,3.2382420856033947,-17.193675889328063,-0.6465063472314798,은행,395061,33298316700,33017034689700
035420,NAVER,2.457881489326062,-7.4162679425837315,-0.22284362955487858,양방향미디어와서비스,474549,92700522900,30641717347200
329180,HD현대중공업,3.1728321476547547,35.44600938967136,1.622869356525931,조선,169341,49101269000,25566657408000
055550,신한지주,2.65246384322373,-15.159574468085108,-0.5597181380180922,은행,373253,17954368550,24165375600000
012330,현대모비스,2.278416344186606,3.3057851239669422,0.11506634288525833,자동차부품,177797,44109128500,23295271047000
005490,POSCO홀딩스,2.264132430933616,-9.618874773139746,-0.5699006048547278,철강,149734,37459739500,20614782061500
010130,고려아연,9.082013567357711,-36.51102464332036,-1.4221019341248045,비철금속,20617,20474899000,20330623906000
028260,삼성물산,1.5858495351923703,-9.178743961352657,-0.35879894102600113,복합기업,88894,10111172200,20107382501700
138040,메리츠금융지주,2.1332116790846967,-1.606805293005671,0.07955457070288441,증권,134681,14053622500,19853963867400
032830,삼성생명,2.6616298525587,-15.412844036697248,-0.6891041151200084,생명보험,185813,17210513000,18480000000000
051910,LG화학,3.1521483923630838,-14.513274336283185,-0.7341163324654026,화학,111151,27163102500,17083347006000
000810,삼성화재,3.1685975705610123,-17.81609195402299,-0.48217320363278793,손해보험,27917,10009980500,16936504227500
096770,SK이노베이션,2.886763234327257,-5.5272108843537415,-0.06797764081133473,석유와가스,64708,7243815400,16825274046400
035720,카카오,3.594470568715681,-13.38766006984866,-0.5619783800476623,양방향미디어와서비스,927030,34921768100,16567096015350
006400,삼성SDI,3.0033830202243936,-8.42911877394636,-0.35805568908556634,전기제품,213226,51386358500,16434722670000
086790,하나금융지주,2.874104973127632,-13.636363636363635,-0.5143690269102535,은행,308335,17715711000,16372730160000
009540,HD한국조선해양,3.0397458858024096,17.647058823529413,0.9020372206816656,조선,121969,28191078500,16383976354000
012450,한화에어로스페이스,4.514900192020198,6.646971935007386,0.6849631071527991,우주항공과국방,401144,140862979000,16295265057500
011200,HMM,1.8048483683118188,-2.3140495867768593,0.03802791330847932,해운사,329486,5827844950,15585588684240
259960,크래프톤,2.493168432613706,-3.1963470319634704,-0.11774924635176105,게임엔터테인먼트,48838,15574031500,15234322332000
267260,HD현대일렉트릭,3.0700213234305904,14.929577464788732,1.0347552901911476,전기장비,230450,92398241000,14671183945000
066570,LG전자,2.017278367602591,-6.292134831460674,-0.2602566722759053,전자제품,126669,10539922000,13599133343400
033780,KT&G,1.4331908518446137,-13.262815296989421,-0.6176013340755182,담배,45049,4815060300,13363642180200
015760,한국전력,2.347072925723299,-18.067226890756302,-1.0262222495985136,전기유틸리티,1381584,27168655310,12524719142270
017670,SK텔레콤,1.1753602457597647,-6.666666666666667,-0.41195365966238295,무선통신서비스,231785,12900022300,12006763962700
042660,한화오션,3.6124643711769284,10.0,0.7324813874228614,조선,2829474,107630961750,11613067632600
034020,두산에너빌리티,3.2421754362227038,-14.75177304964539,-0.6366220874004969,기계,2207910,39765165240,11536506239460
024110,기업은행,1.7487195823330632,-5.273566249176005,-0.17637239113527714,은행,457499,6616367730,11459009737530
316140,우리금융지주,2.036178890821939,-10.988372093023257,-0.4875334539327773,은행,756126,11630287270,11376501795320
003550,LG,1.8802280590849145,-6.8741893644617384,-0.2209324356905001,복합기업,49052,3532943200,11309941396700
030200,KT,1.8975807912223608,-9.660842754367934,-0.5251603079692058,다각화된통신서비스,115476,5091886404,11076353055750
003670,포스코퓨처엠,3.4740914391246704,-20.48894062863795,-1.201345245099909,화학,217360,29989048600,10589222174000
402340,SK스퀘어,2.7342947972887033,2.091503267973856,0.3802660858609168,복합기업,84710,6629074200,10577871860000
010140,삼성중공업,2.747840964718446,3.6903690369036903,0.30352856595083866,조선,3070529,35341602790,10120000000000
086280,현대글로비스,3.778553412229969,10.435497124075596,0.4635913397050744,항공화물운송과물류,565771,73843603600,10072500000000
323410,카카오뱅크,3.02214180588055,-10.874200426439232,-0.509173309412026,은행,236927,4975846400,9992492945150
000100,유한양행,3.6793284629641034,-0.9983361064891847,0.11800958939643949,제약,1117182,135994698900,9568941335200
018260,삼성에스디에스,2.276948812026573,-10.797101449275361,-0.9117219458230359,IT서비스,87043,10859000400,9571633860000
034730,SK,2.3975784315506203,-6.223175965665236,-0.15614658561495742,석유와가스,34894,4589467100,9555856255400
009150,삼성전기,3.0522015655842223,11.893870082342177,0.7039816343877752,전자장비와기기,155143,18906890600,9127569651200
003490,대한항공,2.321516652408958,-7.992202729044834,-0.3899802182954909,항공사,715079,16563261550,8597952434350
326030,SK바이오팜,3.1394194203891614,3.4416826003824093,0.30724114495019894,제약,200171,21930515600,8489156300000
042700,한미반도체,4.482759457362715,14.552736982643525,0.9510569380170797,반도체와반도체장비,328233,27388144000,8183227737300
352820,하이브,2.6670370617830437,-3.9638735574510786,0.07520158841501531,방송과엔터테인먼트,78551,15203801600,7993037414300
005830,DB손해보험,2.894430554550388,-9.146877748460861,-0.24170342174567266,손해보험,28569,2947231200,7292400000000
047050,포스코인터내셔널,3.9583045035429216,-14.239482200647249,-0.6340342312636559,무역회사와판매업체,176576,7032550150,6984134683600
443060,HD현대마린솔루션,3.375503472053612,17.846385542168676,0.9703897669708228,조선,72212,11495900800,6956425000000
267250,HD현대,2.1765775169793247,5.269761606022585,0.45220166122670713,석유와가스,147955,12095800100,6572224672000
010950,S-Oil,1.8267285545721832,-5.381944444444445,-0.23453068472201183,석유와가스,56028,3053869800,6135762164000
090430,아모레퍼시픽,2.7649290267331788,-4.474885844748858,0.09801938256325253,화장품,120897,12542275900,6106644039600
064350,현대로템,3.586751441374691,-2.0522388059701493,0.28546994918255353,기계,1153941,59974653750,5708141923900
005387,현대차2우B,1.7058330883160677,-1.4971927635683093,-0.03978045877261138,자동차,37802,5984517300,5653559717100
003230,삼양식품,3.728997371773656,27.31958762886598,1.546784604247875,식품,49440,37183604000,5551832055000
047810,한국항공우주,2.6171786830725945,-7.868852459016394,-0.26038788375408134,우주항공과국방,375155,20947087000,5448858481300
079550,LIG넥스원,5.005513906205608,21.62162162162162,1.2525485588007688,우주항공과국방,433341,104089315500,5401000000000
010620,HD현대미포,3.133839894857625,9.046849757673666,0.6483100588024694,조선,172261,23345280200,5368224825600
010120,LS ELECTRIC,3.303657767997253,11.85137732222934,0.9733783494057489,전기장비,397872,67892101300,5238000000000
088980,맥쿼리인프라,1.349611323523672,-4.923903312444047,-0.247907860268633,운송인프라,588202,6250862120,5086151565660
021240,코웨이,2.012136128861996,-2.5936599423631126,-0.16941119869082258,가정용기기와용품,22204,1480308600,4915054625400
180640,한진칼,2.796346421993163,-11.27633209417596,-0.318911153911528,항공사,31149,2254931800,4786855404300
051900,LG생활건강,1.57074881546355,-6.412213740458015,-0.14070933632894356,화장품,13522,4141216500,4779168282000
161390,한국타이어앤테크놀로지,2.2690545674646816,-1.1703511053315996,-0.06054399360205467,자동차부품,63559,2423191000,4707252622000
006800,미래에셋증권,2.8381107427077352,-12.307692307692308,-0.4328967244889886,증권,158704,1276974300,4676678099920
005940,NH투자증권,1.9542297703186495,-4.473503097040606,0.03956079396830514,증권,238693,3353819350,4561967725070
034220,LG디스플레이,2.5233990707715175,-7.755102040816326,-0.24926556244415918,디스플레이패널,389983,3535726800,4530000000000
032640,LG유플러스,1.5846170106847286,-10.416666666666668,-0.5364518151355435,무선통신서비스,324753,3367284920,4501463131910
029780,삼성카드,1.7639979030813453,-10.483870967741936,-0.43907068838606456,카드,30126,1182420650,4512703804450
272210,한화시스템,4.434189391339429,2.1645021645021645,0.2848340103582537,우주항공과국방,2483196,58177026050,4449051610950
000150,두산,4.278106230898848,27.830188679245282,1.7456974251423376,복합기업,342594,85456708500,4444911615000
450080,에코프로머티,3.1406652677844904,-22.34567901234568,-1.323679428753932,전기제품,242297,15450300900,4400503640800
251270,넷마블,2.430722828597364,-11.713286713286713,-0.5225082582780954,게임엔터테인먼트,24067,1227669800,4357842551400
241560,두산밥캣,3.4664670548699967,-0.922722029988466,0.40003606515754575,기계,368003,15647120200,4265602013300
011790,SKC,5.0393618525296064,5.04364694471387,0.6043681692313576,화학,204619,22144158000,4135218141600
454910,두산로보틱스,6.111235668087484,-1.3803680981595092,0.14658556436784664,기계,2915957,181528238700,4135514724000
271560,오리온,1.9422549524085242,0.19230769230769232,0.05153414044149596,식품,40774,4249162500,4099896888400
071050,한국금융지주,2.543068266083843,-12.128712871287128,-0.34171465705070514,증권,41872,2995764200,3956545432000
036570,엔씨소프트,4.063095808821293,-24.686192468619247,-1.4366031166350246,게임엔터테인먼트,47844,8695650900,3947333155600
016360,삼성증권,3.1421080145958356,-15.384615384615385,-0.46581666416704354,증권,202474,8786985750,3830970000000
302440,SK바이오사이언스,5.787497047852078,-2.3115577889447234,0.2918980069188115,제약,80488,3965740250,3803761075150
298040,효성중공업,3.8854270954783754,-4.122497055359246,0.3363653921702636,전기장비,38253,15400931500,3781104214000
097950,CJ제일제당,2.3649356254379175,-8.47145488029466,-0.266212962737305,식품,26326,6599753000,3733438128000
011070,LG이노텍,2.7142560281814165,-4.7272727272727275,-0.14932226044109875,전자장비와기기,78899,12472423200,3715735799000
005385,현대차우,1.7454580283292938,-2.1019108280254777,-0.05664616003910163,자동차,29587,4562980000,3671511754400
307950,현대오토에버,2.4537507398718574,-1.713859910581222,-0.017085071094716263,IT서비스,78578,10330911800,3636420013200
462870,시프트업,3.9095964023042775,4.208754208754209,0.2182823966295028,게임엔터테인먼트,70957,4425063100,3605085696000
078930,GS,1.6435462939412344,-9.15492957746479,-0.38958057147019,석유와가스,95726,3729509750,3591179359700
128940,한미약품,2.524992272813624,0.0,0.120810994304098,제약,17847,5004591000,3587077480000
377300,카카오페이,7.222050520992605,-2.973977695167286,0.10334144476185592,IT서비스,198508,5192501800,3507235003050
035250,강원랜드,2.101845148179158,-11.847826086956522,-0.481282157748587,"호텔,레스토랑,레저",197456,3211193710,3465836100000
138930,BNK금융지주,2.8421941031256917,-11.27946127946128,-0.1395174961209839,은행,399094,4240506260,3380607469850
028050,삼성E&A,2.283683445055894,-7.755324959038777,-0.2705968597258846,건설,223789,3753092030,3304560000000
006260,LS,3.3909401822586265,2.7339642481598316,0.4763332979244906,전기장비,103287,9998493000,3149160000000
175330,JB금융지주,2.394431818062294,-21.515892420537895,-0.9260209608191593,은행,122657,2005487080,3140839487800
036460,한국가스공사,5.298105289788541,-16.78921568627451,-0.67788694459263,가스유틸리티,303452,10458948550,3129410700000
022100,포스코DX,3.688924207752159,-8.862559241706162,-0.32753506300249974,IT서비스,364519,7036521460,2916026102220
039490,키움증권,3.6406569294861493,-14.84848484848485,-0.6105254153752792,증권,52201,5976326100,2871754425000
001040,CJ,3.417029551719165,-1.5060240963855422,0.22095491017407493,복합기업,23816,2348083800,2859345804000
066970,엘앤에프,3.181649678366374,-19.527235354573484,-1.0781495057850603,전기제품,160611,12686152600,2845698441600
000720,현대건설,2.375385104232159,-8.273381294964029,-0.33160846314251813,건설,130912,3344515700,2839572007500
009830,한화솔루션,3.913506388980488,-6.1413673232908454,0.014009083014886903,에너지장비및서비스,587185,9530526750,2782940157840
004020,현대제철,4.03377484863601,-4.81651376146789,0.01365673426767582,철강,171059,3564033550,2769000038750
026960,동서,3.439840952078983,-8.922558922558922,-0.15317577857719147,식품,84967,2312088900,2701870000000
011170,롯데케미칼,3.7564475832148463,-10.714285714285714,-0.3424830686064323,화학,60788,3518192400,2459586592500
011780,금호석유,3.3877986711739245,-8.94308943089431,-0.17090458734723651,화학,36488,3269570900,2443712077800
081660,휠라홀딩스,1.8567027407325845,-1.9656019656019657,0.047721909639089066,"섬유,의류,신발,호화품",44767,1807590050,2397823976100
004370,농심,2.2223106804437545,11.816838995568684,0.6505715452374078,식품,20473,7835017500,2308362639000
001450,현대해상,2.5635665905127616,-8.974358974358974,-0.289382306642445,손해보험,98449,2441477650,2217120000000
001440,대한전선,3.881074903648706,3.163444639718805,0.38666924280528314,전기장비,823869,9498033030,2183297883000
004990,롯데지주,3.6829596935155644,-1.8912529550827424,0.14798795603325982,복합기업,106723,2241113800,2176866667750
383220,F&F,3.7221441276554037,7.6190476190476195,0.6063903022199391,"섬유,의류,신발,호화품",49419,2750324100,2160519030000
062040,산일전기,4.48911693080483,13.782051282051283,1.3312827700463108,전기장비,255484,17967761800,2155520160000
020560,아시아나항공,2.126387782964672,-0.19157088122605362,0.2273821639543355,항공사,124760,1300362010,2142303394400
012750,에스원,2.139964896057275,-8.88529886914378,-0.4422279450685968,상업서비스와공급품,31756,1805587000,2143153639200
018880,한온시스템,2.696675555374286,-1.8427518427518428,0.1612539613062714,자동차부품,328186,1310537570,2129862000000
088350,한화생명,2.264829536406827,-10.313075506445673,-0.38813330103592725,생명보험,476547,1167553685,2119213200000
002380,KCC,3.128909273937499,-5.133470225872689,-0.060642955397411935,건축자재,9628,2235585000,2052774801000
052690,한전기술,4.576899165530826,-21.45985401459854,-1.0213651510819228,전기유틸리티,31251,1674519300,2052414000000
009420,한올바이오파마,5.203083723946974,4.021447721179625,0.5624676725358073,제약,437365,16875641550,2019100658700
000880,한화,2.633553133319894,-8.828522920203735,-0.47846948244136717,복합기업,93814,2541989700,2020137908250
008930,한미사이언스,2.4794746242192827,-10.413476263399694,-0.4574629868164397,제약,78977,2310974800,1997033260000
006280,녹십자,3.7897621438827267,10.110174983797798,0.7702647699721843,제약,48459,8334328200,1982036844800
051600,한전KPS,3.1082285403235703,-9.465020576131687,-0.33449088528386406,전기유틸리티,55478,2450486850,1973250000000
018670,SK가스,1.6690769268333316,-0.468384074941452,0.036805453627108964,가스유틸리티,9378,2010787500,1975272216000
017800,현대엘리베이,4.147188109961616,-0.7766990291262136,0.0016402587669611002,기계,174537,8833853700,1978074681000
204320,HL만도,2.4428384039510327,8.880308880308881,0.48020163856603737,자동차부품,109572,4491148200,1958111904000
030000,제일기획,2.227700562429604,-7.738095238095238,-0.3017071840831459,광고,137003,2337102420,1949948763750
278470,에이피알,3.850815239031073,-3.6121673003802277,0.24554162441964839,화장품,117888,5956861000,1925357445000
000120,CJ대한통운,2.3111345006722077,-1.066350710900474,0.11575526560399116,항공화물운송과물류,52266,4333454000,1891143317600
012510,더존비즈온,3.149487433415648,-7.658321060382916,-0.34314606505875417,소프트웨어,99083,6278503400,1889809164800
111770,영원무역,2.477098189128524,-1.8050541516245486,0.28693437374346376,"섬유,의류,신발,호화품",29473,1203445650,1805692321000
112610,씨에스윈드,2.841043596209391,4.534313725490196,0.3476769669793233,에너지장비및서비스,170718,7275462900,1794393197650
007660,이수페타시스,8.736401548345562,4.112149532710281,1.7405977517392401,전자장비와기기,1635886,45955713700,1758250448200
028670,팬오션,1.9484406655999684,-4.761904761904762,-0.167819585094483,해운사,451612,1479237515,1756060846920
282330,BGF리테일,2.0698889176225137,-6.95970695970696,-0.2288863951177306,백화점과일반상점,7534,768735800,1756044849600
139480,이마트,4.401688922964465,-6.58682634730539,0.07685220641780119,백화점과일반상점,163338,10216935900,1733875941800
002790,아모레G,2.2367026178631315,-8.533916849015318,-0.26650363546270256,화장품,63060,1305789000,1723375962000
192820,코스맥스,4.380452421477721,2.3157894736842106,0.6727500064564192,화장품,37168,5483318100,1653623461300
005070,코스모신소재,3.6595881443043954,-20.69510268562401,-0.9379195522748954,화학,164860,8283329450,1625537800000
000240,한국앤컴퍼니,4.333607030978638,-3.67816091954023,-0.023892553115842284,자동차부품,61834,1027577760,1580671746000
082740,한화엔진,3.4216204664150385,18.966603654694392,1.0521291246763276,조선,484800,9131786250,1575482040960
489790,한화인더스트리얼솔루션즈,5.150868664603028,-10.215827338129497,-0.15951404947261377,우주항공과국방,348378,10965008450,1572713348500
007310,오뚜기,1.1807454307725227,-3.6945812807881775,-0.15061031063462627,식품,1266,498550000,1569065445000
361610,SK아이이테크놀로지,3.5504822020538316,-17.51412429378531,-0.8516207549072305,전기제품,108963,2409776650,1564982144400
003690,코리안리,2.0394816839339946,-6.470588235294119,-0.09211531887083904,손해보험,83121,666400790,1546878986140
006360,GS건설,3.029699456299991,-12.668329177057355,-0.43630590533033187,건설,136571,2398477910,1498531889900
069620,대웅제약,2.6368570458076315,-0.38910505836575876,0.18351954759497363,제약,12832,1626695900,1484240257500
023530,롯데쇼핑,2.391225294726237,-10.445205479452055,-0.358335018551425,백화점과일반상점,61730,3267986300,1479501886500
000990,DB하이텍,4.156199433787798,-1.21765601217656,0.43306460474521363,반도체와반도체장비,63683,2077204050,1447393968800
008770,호텔신라,2.401800250971796,-8.489388264669163,-0.2891598703590631,백화점과일반상점,35563,1309560450,1442368446750
103140,풍산,3.3750592913706483,-3.910614525139665,0.12227919328533896,비철금속,138473,7092672900,1440447889200
007070,GS리테일,1.9702444307945792,-13.585858585858585,-0.7087260431478031,백화점과일반상점,155941,2663768820,1430522870650
005850,에스엘,2.3999063157141425,-1.3114754098360655,-0.022303945407796122,자동차부품,53403,1607561900,1391133174000
139130,DGB금융지주,2.2094419793577624,-12.433011789924974,-0.4427533223563029,은행,213800,1763092020,1383612913940
103590,일진전기,3.62346311271877,32.19178082191781,1.7769614691156768,전기장비,959311,27594648800,1375723501500
073240,금호타이어,2.5164934082912147,-0.21008403361344538,0.00364932774579827,자동차부품,198926,947716130,1367358966120
000080,하이트진로,1.6433158980521019,-8.104265402843602,-0.3134125200576798,음료,87110,1692431910,1360592053400
042670,HD현대인프라코어,3.1343190779125543,-6.283422459893048,-0.22490955527236514,기계,414175,2877589630,1348591069000
161890,한국콜마,2.926748140933326,0.8960573476702508,0.3804964731664634,화장품,142661,8087877500,1328965835100
004170,신세계,2.311433972730775,-4.989154013015185,0.02909095991874615,백화점과일반상점,15131,1987692700,1290703229100
047040,대우건설,2.591910205045751,-16.102841677943168,-0.753856320825322,건설,323368,1004288130,1286352064610
006040,동원산업,2.359702848168529,4.759634011861831,0.2933779436675111,식품,13988,501268350,1266169609250
137310,에스디바이오센서,2.2831714131148773,-13.00256629597947,-0.5486709124273353,건강관리장비와용품,59489,606407250,1263445132950
001720,신영증권,1.7261690881903267,-3.67553865652725,-0.03173326816508726,증권,3128,237730500,1249440000000
003090,대웅,2.858470618032623,-1.1547344110854503,0.20496661374106445,제약,17019,363357700,1247145471000
009450,경동나비엔,3.05686470583267,10.499359795134442,0.9390454041722025,가정용기기와용품,71516,6092164900,1239787179200
001570,금양,7.387834729990486,-28.444444444444443,-1.8214345834734644,화학,2233048,43139056750,1239044586520
395400,SK리츠,1.9699639034679923,-3.010752688172043,-0.16638655059051316,부동산,117100,529585545,1230277758600
375500,DL이앤씨,2.4229180292122394,-8.02919708029197,-0.27196919288490495,건설,63606,2019301000,1218849124500
051915,LG화학우,2.8868139225000014,-18.5283218634198,-0.9484893181580605,화학,6595,1021693300,1183306320000
185750,종근당,2.3705634034575684,-2.1200017556950357,-0.02798000535866043,제약,13701,1219160100,1176475706000
294870,HDC현대산업개발,3.3543265234086572,-13.753026634382568,-0.5739144588893751,건설,73814,1321294130,1175127693900
014820,동원시스템즈,3.0279109300527494,-11.856823266219239,-0.46109045433155194,포장재,14519,573687700,1145155639000
010060,OCI홀딩스,3.2948522097056556,-4.084967320261438,0.0008463399264213578,화학,20879,1221378100,1122775621100
192080,더블유게임즈,1.8740781333784367,1.160541586073501,0.16226081959716804,게임엔터테인먼트,32455,1708769900,1124235883800
267270,HD현대건설기계,2.9198264074044786,-4.23861852433281,-0.008827058887223016,기계,92984,5545575800,1112979628800
009240,한샘,2.442582951874546,-12.939001848428836,-0.6058969830239896,가구,19625,929610700,1108448008800
009970,영원무역홀딩스,1.7730677333593972,-4.716981132075472,-0.1312704207482662,"섬유,의류,신발,호화품",7584,617428900,1100392274400
007340,DN오토모티브,2.168213063166251,-2.025586353944563,0.03849809783035509,자동차부품,16264,299094590,1083267964100
089860,롯데렌탈,3.432336038624086,-6.962025316455696,-0.22260864680053727,도로와철도운송,25112,741735050,1067496007200
336260,두산퓨얼셀,2.1867156434948027,-5.45876887340302,-0.3466527040954399,전기제품,98531,1598875900,1067547733800
020150,롯데에너지머티리얼즈,4.745756697044085,-5.714285714285714,-0.19141636422757735,전자장비와기기,46379,1078679850,1065160288500
014680,한솔케미칼,3.4032006119598335,-7.029702970297031,-0.1283075025959352,화학,31757,3001285300,1063241291000
069960,현대백화점,2.8764762508407147,-4.989816700610998,0.18563360240975876,백화점과일반상점,21072,982342300,1054502685800
001530,DI동일,2.4893028596478435,20.841836107491456,0.9790487260663692,"섬유,의류,신발,호화품",64036,3150190550,1049161111900
011210,현대위아,2.1801070940662344,-5.30209617755857,-0.1813609422272778,자동차부품,28447,1092575400,1042931433050
001120,LX인터내셔널,1.9661048316810246,-8.361774744027302,-0.2618214734108387,무역회사와판매업체,71391,1925291900,1042644000000
280360,롯데웰푸드,2.2747558740444447,-5.851528384279476,-0.15309666359937413,식품,6861,743090000,1016103619800
004000,롯데정밀화학,2.893374716254267,10.0,0.6894144925281142,화학,19929,775286250,1007490000000
005300,롯데칠성,1.8380946054863314,-10.215946843853821,-0.48807361069988503,음료,16143,1754198100,1002119472000
300720,한일시멘트,3.3747923467844334,-1.296043656207367,0.08008355169374255,건축자재,51001,735944560,1000136637600
298020,효성티앤씨,4.355085565750319,0.8771929824561403,0.6163421669940485,"섬유,의류,신발,호화품",7301,1696103000,999694542000
004490,세방전지,3.517377077422934,-3.8356164383561646,0.10141592065906362,자동차부품,20911,1491264000,984200000000
415640,KB발해인프라,0.8977912851066479,-3.198031980319803,-0.10915388013431615,운송인프라,35053,275477030,968109829200
248070,솔루엠,3.2684294698881895,-4.577114427860696,-0.27019273576653124,전자장비와기기,37356,718780910,957606301650
229640,LS에코에너지,3.483094608038513,26.86868686868687,1.6688706071089698,전기장비,93973,2946826100,957027468750
001800,오리온홀딩스,1.4350753002632612,-6.988249845392702,-0.32083672497991433,식품,52445,788834820,939054875780
085620,미래에셋생명,1.0939877896888621,-0.3795066413662239,0.005690489271728572,생명보험,19650,103375530,929334992250
108320,LX세미콘,2.7880145637318727,1.073345259391771,0.32856853462755353,디스플레이장비및부품,12043,679449100,915680090000
365550,ESR켄달스퀘어리츠,2.379930292627152,-8.11965811965812,-0.521561405652999,부동산,90671,392181985,916282700000
001740,SK네트웍스,1.8442240298927004,-4.942528735632184,-0.17929448403354256,복합기업,190636,788659970,913877735260
457190,이수스페셜티케미컬,3.935958744364431,-12.354651162790697,-0.5688889177472058,화학,161993,4923637150,910779642000
950210,프레스티지바이오파마,4.407576743995734,4.1551246537396125,0.455931940323938,제약,30867,465216910,907451940500
330590,롯데리츠,2.074973437036062,2.450980392156863,0.1662012320222156,부동산,73492,228393275,903027762500
003850,보령,2.7521193586239194,0.6869479882237487,0.144188777781461,제약,61797,634499520,891304615890
034230,파라다이스,2.0887193260700934,-7.839388145315487,-0.2999759543204378,"호텔,레스토랑,레저",41286,399795100,885596161950
002840,미원상사,1.4799562325925681,-5.98984771573604,-0.226543449590943,화학,1165,216265800,883500000000
039130,하나투어,2.355158349244687,-7.130730050933787,-0.3425306608639616,"호텔,레스토랑,레저",20665,1130843600,877343419500
079160,CJ CGV,2.1281174683774555,-6.039076376554174,-0.19061584055995892,방송과엔터테인먼트,165845,870626300,874262790720
071970,HD현대마린엔진,3.8155663664466943,36.578947368421055,1.6808833303698738,조선,601711,15547381950,875174571000
000815,삼성화재우,2.3695602969642566,-11.774193548387096,-0.30021139770089356,손해보험,4056,1107332500,869820000000
192400,쿠쿠홀딩스,1.7741729339068002,0.0,0.014980611593447523,가정용기기와용품,4879,112366650,814374036500
003540,대신증권,1.5691663045930022,-6.7172897196261685,-0.34399945544976,증권,56343,901818720,809835730000
023590,다우기술,1.7819184056209776,-6.070287539936102,-0.16295710385397458,증권,27932,494568150,790101125370
100090,SK오션플랜트,3.233522272151863,17.346053772766695,0.9709896618353591,에너지장비및서비스,46361,614177410,785525187360
298050,HS효성첨단소재,3.468278767611892,-6.652244456462952,0.12002814859460473,화학,9010,1555389600,774135014400
005180,빙그레,2.693389062353368,9.25414364640884,0.5541621084275122,식품,30332,2396763400,772337294400
285130,SK케미칼,3.2514334155176803,1.834862385321101,0.2916516952489363,화학,10994,487464350,767793343500
004800,효성,3.9771760844707,-3.2734952481520594,0.10173265371424023,복합기업,15185,695483300,767547660950
005250,녹십자홀딩스,3.7024982834727873,1.5723270440251573,0.3455983780268173,제약,100819,1659385980,758094745200
214320,이노션,1.448120769775875,-8.867469879518072,-0.34400076576805,광고,30763,587320220,754800000000
005440,현대지에프홀딩스,2.3723099451807426,-7.874762808349146,-0.296663376088403,복합기업,54671,265563275,754576816840
353200,대덕전자,3.828564239588477,3.192934782608696,0.459855284094981,전자장비와기기,92535,1408132470,751137260000
268280,미원에스씨,0.6040517303417753,4.9365303244005645,0.28554227993816794,화학,2620,390738400,746500000000
120110,코오롱인더,2.727537213063561,-5.964912280701754,-0.07517931319948319,화학,50401,1348683350,740263547900
003030,세아제강지주,3.6219132592733865,-1.3245033112582782,0.1730040805726779,철강,1009,181960300,740528271600
003530,한화투자증권,5.584517034420377,-11.254851228978008,-0.09672489952523514,증권,739861,2536194955,733753390500
003620,KG모빌리티,2.2021824222348902,-10.9375,-0.4209368664244339,자동차,130815,486941720,729641803610
030190,NICE평가정보,2.158265951930846,1.341156747694887,0.034451312511031305,상업서비스와공급품,27458,335707370,720029775300
145720,덴티움,2.9774806867754866,7.413509060955518,0.4996917021569741,건강관리장비와용품,52680,3384573900,720580833000
012630,HDC,1.3581713655205858,1.6934801016088061,0.14821695595739537,건설,31109,373702340,718692903630
002710,TCC스틸,4.021701085370765,-22.33285917496444,-1.0132131235537334,철강,81347,2200178850,716944612950
006120,SK디스커버리,2.6684650598314517,0.2638522427440633,0.0860673951411228,석유와가스,6341,242816600,714801782750
000670,영풍,2.8098801446990977,-15.166274102758592,-0.61841659104236,핸드셋,1197,458413000,708264380000
082640,동양생명,4.217965974670861,-27.631578947368425,-1.3418228046466116,생명보험,163512,721610580,707557395225
009410,태영건설,4.107444205807484,-6.513409961685824,-0.22780817282355206,건설,17511,42514245,706807602335
069260,TKG휴켐스,1.9828981450499084,-10.727367870225013,-0.46563107274274823,화학,37527,634390420,696162353640
066575,LG전자우,2.285601076852558,-3.9145907473309607,-0.20434326997567479,전자제품,11558,470962700,696032676000
001430,세아베스틸지주,3.0016632667179586,-14.323725055432373,-0.7159738967787342,철강,54740,1062047970,692138896700
293940,신한알파리츠,1.4625667153084785,3.2490974729241873,0.10725973549895573,부동산,103165,588070440,690568102330
025540,한국단자,1.9814915184347852,-3.3478893740902476,-0.22348462953666717,자동차부품,2459,163688000,692597500000
114090,GKL,2.1097884342577733,-7.131011608623548,-0.25596727854341855,"호텔,레스토랑,레저",55572,622936790,691546390600
003570,SNT다이내믹스,4.826217820769031,-2.3980815347721824,0.44264901645735594,자동차부품,99803,1982159320,675029749100
000640,동아쏘시오홀딩스,2.553070086483298,1.4326647564469914,0.14521587802289132,제약,3268,348823200,669810321500
003240,태광산업,1.6893214779936665,-5.345911949685535,-0.1656142563876356,화학,181,107571000,668040000000
001680,대상,2.2953011417978777,-7.609756097560975,-0.2593763784041331,식품,95511,1822547950,656233593500
000210,DL,2.9022143949780537,-12.056737588652481,-0.493865554136817,화학,26824,832828700,649632404000
010780,아이에스동서,2.902512739508751,-4.318181818181818,-0.15806169646227614,건설,28057,587015300,639963891200
017960,한국카본,2.8801020965705892,17.545541706615534,0.856096625149838,조선,796642,9756421120,636397621520
030610,교보증권,1.4015054735217123,-2.112676056338028,0.00030224164695444864,증권,16034,88341140,630215174330
451800,한화리츠,1.342438827148668,0.7246376811594203,0.11028480589317047,부동산,81072,282153560,624110000000
000400,롯데손해보험,2.8836594692540802,-3.8369304556354913,-0.07113296273139565,손해보험,34038,68188288,620672640000
006380,카프로,0.0,0.0,0.0,화학,0,0,618539985360
381970,케이카,3.0332910168326963,-3.2983508245877062,-0.10948023794138391,자동차,27626,352718780,620585100240
344820,KCC글라스,1.089169615321913,-4.949238578680204,-0.22877898864311855,건축자재,2708,101710850,598894200000
064960,SNT모티브,1.4885322220765997,-3.584229390681003,-0.11179120060188122,자동차부품,1998,80605350,590774694400
403550,쏘카,1.1967523930687767,0.0,-0.08150556838779524,도로와철도운송,447,8056760,590407497960
271940,일진하이솔루스,2.598288731587015,-10.616061606160617,-0.4773076157634625,자동차부품,13716,222852140,589726205600
000500,가온전선,4.3110168199719405,28.602150537634408,1.4858016749604328,전기장비,197043,11431444600,584601874700
090460,비에이치,3.0405690151368745,6.74578388507183,0.40150040771072265,전자장비와기기,214517,3651093230,587962305740
181710,NHN,2.260705030837133,-4.247104247104247,-0.08679849889057507,IT서비스,14031,245158040,586517556510
049770,동원F&B,1.8710212746942325,-6.2015503875969,-0.3028390458108565,식품,20641,631770700,582727724000
089590,제주항공,2.8121794682398407,-23.240938166311302,-1.232782952541934,항공사,1040542,7570224190,581421501850
002350,넥센타이어,1.8743434466577324,-5.582137161084529,-0.23811925622314548,자동차부품,38325,227987520,578193831840
032350,롯데관광개발,2.5801897524901123,-14.785553047404063,-0.725447915592074,"호텔,레스토랑,레저",101875,773204370,575281181650
336370,솔루스첨단소재,3.566075365749947,-9.899888765294772,-0.2561929833235609,전자장비와기기,65085,528090540,569462659840
005420,코스모화학,3.8451056675043533,-14.335260115606937,-0.634566902791512,화학,111821,1667032530,569594021240
281820,케이씨텍,3.0094207288773,2.0872865275142316,-0.0492985489891757,반도체와반도체장비,28056,752201750,562218934200
001060,JW중외제약,3.0287000374094966,0.41841004184100417,0.20183095796581557,제약,30421,732524200,558862320000
079900,전진건설로봇,7.225272258436252,51.98412698412699,2.450987520848953,기계,1586323,58910114500,556705591750
000070,삼양홀딩스,1.809896990418476,-5.555555555555555,-0.21841616881959017,화학,4291,278210100,553251906600
016380,KG스틸,2.931323504572365,-16.158536585365855,-0.8437586521101847,철강,63654,351042090,550048933500
105630,한세실업,2.1676723925767227,-3.9888033589923024,-0.028436483861321006,"섬유,의류,신발,호화품",44289,611584710,549200000000
348950,제이알글로벌리츠,1.8671148811346694,-7.4324324324324325,-0.38565562312568025,부동산,504746,1383568860,541797120000
005880,대한해운,2.8236062038051357,-7.29967069154775,-0.07071397352080182,해운사,461561,780929058,542202395600
013890,지누스,3.3979116145960027,11.971830985915492,0.6454730692639304,가구,34439,829222700,536335281600
057050,현대홈쇼핑,1.959130799929217,-1.8518518518518516,0.04612474919728495,인터넷과카탈로그소매,3302,148812900,540600000000
00680K,미래에셋증권2우B,1.5324439756118144,-7.44297719087635,-0.2659485543202317,증권,117911,456817565,539700000000
019170,신풍제약,2.848996418335076,-9.743135518157661,-0.36115287065391016,제약,45469,464833350,539917048100
009900,명신산업,3.1087048409840974,-13.322091062394604,-0.5354574012814017,자동차부품,51484,527564460,537818863250
170900,동아에스티,2.6678847162537003,-4.893964110929853,-0.18338539848152868,제약,5983,348481300,532944909000
091810,티웨이항공,3.0613102050410235,-11.992945326278658,-0.49475936025302863,항공사,721930,1776104460,533062965600
192650,드림텍,3.411834663238963,-4.8207663782447465,-0.12826874159296855,핸드셋,333557,2540352500,529075514880
003470,유안타증권,1.9896698737317347,-6.23885918003565,-0.12165511148237215,증권,32459,85283305,524938994880
241590,화승엔터프라이즈,2.4815438002887777,-1.92090395480226,0.1341264673518044,"섬유,의류,신발,호화품",63693,551799670,524097237400
002030,아세아,1.4919810435934036,2.0408163265306123,0.13203140496867494,종이와목재,478,119925500,523846208000
456040,OCI,3.304679164327717,-10.582822085889571,-0.33505133323255676,화학,6007,348666300,521930458500
383800,LX홀딩스,1.1943497080717072,-3.2670454545454546,-0.037029530875514194,복합기업,44546,304422340,520234305800
093370,후성,3.1776571041257684,-9.245283018867925,-0.3315381667483929,화학,237112,1150225785,516970690600
008730,율촌화학,3.197865163217932,-11.373390557939913,-0.3459954811816019,포장재,18814,386553800,515840000000
017860,DS단석,4.721827342982957,-46.42857142857143,-3.133525047217887,화학,566651,16936957450,515217411600
097230,HJ중공업,9.613763884954828,39.54022988505747,1.9145353417469706,건설,1087993,6622247770,505474885670
272450,진에어,2.5236060096386126,-12.488849241748438,-0.5985326203418505,항공사,115846,1125066780,508428000000
178920,PI첨단소재,3.661057893497714,6.988249845392702,0.4665370060700713,화학,62961,1086322990,507156380940
100840,SNT에너지,6.946006930481355,32.5040562466198,1.746296912067892,기계,230173,5629371300,504611105200
006650,대한유화,3.9815092519739954,-1.7857142857142856,0.12329686292750608,화학,7740,594014200,495950000000
005690,파미셀,4.699468451418737,72.91005291005291,3.0133512736512094,화학,678305,5743819720,492139104800
075580,세진중공업,3.3093449985726666,10.627400768245838,0.6546139201771746,조선,317771,2752657700,491747794400
145990,삼양사,1.673451830990661,-6.791338582677166,-0.3081322625161226,식품,4281,202600750,487826137700
006110,삼아알미늄,4.964899010060648,-21.80094786729858,-0.5413926356176736,비철금속,21586,713249600,486228823800
377740,바이오노트,1.3642897105031773,0.4250797024442083,0.12125805949942894,건강관리장비와용품,33037,155178090,481704546560
453340,현대그린푸드,2.5011102488889114,0.9285714285714286,0.1841599044289117,식품,53243,760426420,479753742240
014830,유니드,3.5177324926282187,9.428129829984544,0.6828909006580725,화학,24395,1728288500,477792560000
016800,퍼시스,2.3738663447025927,-2.6159334126040426,-0.08167893653125144,가구,71,2894700,470925000000
071320,지역난방공사,4.610084165639623,-27.629233511586452,-1.173873708568045,복합유틸리티,14927,607375150,470097006400
017940,E1,1.5818592728356355,-7.588075880758807,-0.3547918142217865,가스유틸리티,3750,256436900,468538000000
000370,한화손해보험,2.748012796859069,-10.837988826815643,-0.3950032759456234,손해보험,106584,427360080,466955660000
007700,F&F홀딩스,1.6567276621222227,-5.608214849921011,-0.2671129993662946,"섬유,의류,신발,호화품",4337,51816890,469372404000
077970,STX엔진,4.156331407917526,3.5366478728856996,0.4548336564737111,조선,522597,10831444850,463629415600
475560,더본코리아,3.7724626161826267,-16.353887399463808,-0.7742658694794854,"호텔,레스토랑,레저",58281,1842196600,458767856000
499790,GS피앤엘,3.8913868973384758,-8.23293172690763,-2.1472714557360084,백화점과일반상점,84029,1921465200,458092427100
284740,쿠쿠홈시스,2.220198841801932,-3.588516746411483,-0.050440514067656796,가정용기기와용품,7739,157638850,452112199500
093050,LF,1.6399448058733597,-0.3215434083601286,-0.003218142547303793,"섬유,의류,신발,호화품",16784,259588190,451758000000
005610,SPC삼립,1.8118237094563365,9.14826498422713,0.5556065463536985,식품,11113,573564600,446982666200
000155,두산우,3.0988729690794448,10.089020771513352,0.7868514113808095,복합기업,7772,857021200,443607282000
002240,고려제강,1.5853202859865205,3.3739292582017364,0.24588288468091304,철강,4958,88980840,443250000000
484870,엠앤씨솔루션,6.162735352556465,-7.196969696969697,-0.39002028346538964,우주항공과국방,208176,9755202600,448541100000
448730,삼성FN리츠,1.0968464473795552,4.504504504504505,0.13126693476104512,부동산,52995,246385790,423382500000
003300,한일홀딩스,3.115942656275477,-4.937413073713491,-0.0933153285093147,건축자재,7757,106836200,420252208920
002960,한국쉘석유,2.2720677331534236,-8.034433285509325,-0.3571439032837504,화학,2384,760274000,416650000000
126560,현대퓨처넷,2.9603166061564234,-3.324808184143223,0.028488282297113244,화장품,57390,216781175,416016117375
003920,남양유업,2.6951698912517577,-14.550641940085592,-0.6042625783187744,식품,4876,291937700,406479138000
475150,SK이터닉스,2.9774462585188846,-8.692365835222978,-0.2932513227830559,에너지장비및서비스,69255,835778750,405650415800
017810,풀무원,2.4817469206841665,-2.909090909090909,0.09997028847810016,식품,22056,236151870,407127388560
034120,SBS,10.014236146014836,44.26229508196721,2.2954801798448883,방송과엔터테인먼트,249711,5426374750,408127236000
003545,대신증권우,1.0828839102502548,-1.3274336283185841,-0.0008394337124595364,증권,28369,443326330,405340000000
034310,NICE,1.571002711284123,-3.904170363797693,-0.11573766979427917,IT서비스,5099,55326390,402472311280
003160,디아이,5.857847580229481,26.203208556149733,1.4243472799703165,반도체와반도체장비,311083,4460454910,401011000000
432320,KB스타리츠,1.6471505152551411,-2.466091245376079,-0.16087538070373447,부동산,61474,242202675,400586425750
357120,코람코라이프인프라리츠,1.6027799887576462,-1.8028846153846152,-0.17982440369252897,부동산,41562,170597715,397614921090
460860,동국제강,2.626016718308369,-7.1764705882352935,-0.25614053244919555,철강,70019,552309780,390911173960
195870,해성디에스,3.510325127044435,5.045871559633028,0.49241903713081187,반도체와반도체장비,16319,376929500,388450000000
084010,대한제강,1.035016803437152,5.162523900573614,0.31815509024718247,철강,26873,445333340,388210702260
183190,아세아시멘트,1.3243756813024943,-1.3435700575815739,-0.0447957548558958,건축자재,10376,106093370,386688886920
003280,흥아해운,2.9202022605087654,-5.739644970414201,-0.08948871997184638,해운사,282888,452892368,383477713905
094800,맵스리얼티1,1.4828592911361789,-6.939704209328783,-0.3991927116825722,기타,22133,90535375,379692413790
058650,세아홀딩스,2.6808378992735094,-4.4534412955465585,-0.2330561425313487,철강,18,1721700,377600000000
003960,사조대림,4.70875036756686,-3.56718192627824,0.21059176309913036,식품,12618,515888600,372535583550
029530,신도리코,1.4845305861399876,-2.1164021164021163,-0.05664235150173615,사무용전자제품,2772,103067700,371953070100
005810,풍산홀딩스,2.1774673874246515,0.7843137254901961,0.24129552729337972,비철금속,37573,970261000,369803539800
084690,대상홀딩스,10.107805867901002,22.395209580838323,1.6362450567344353,식품,364808,3692737300,371540639880
005389,현대차3우B,1.4354720434871608,-1.9157088122605364,-0.058129802530301755,자동차,3353,516304700,365392014000
003520,영진약품,2.707954012704118,-3.768115942028986,-0.1448759716036491,제약,80357,160035015,364322320152
036530,SNT홀딩스,2.1580326216440486,-2.1739130434782608,-0.00014869952910046003,자동차부품,21302,474347150,362761463500
026890,스틱인베스트먼트,2.143725655732042,0.3492433061699651,0.021788276838633536,창업투자,42076,368634350,360516213750
004690,삼천리,1.2397631995606466,-2.307692307692308,-0.05970995341278207,가스유틸리티,2153,191014300,359275215000
004700,조광피혁,0.9938842215637795,3.4482758620689653,0.12660178321537874,"섬유,의류,신발,호화품",51,2757900,359053452000
031430,신세계인터내셔날,2.3282554905500024,-6.660412757973734,-0.1471628105263112,"섬유,의류,신발,호화품",128599,1285606450,356286000000
093230,이아이디,0.0,0.0,0.0,석유와가스,0,0,354103029120
005090,SGC에너지,2.4501524598198987,-4.678362573099415,-0.08226800489191943,에너지장비및서비스,14877,364251850,350867258550
097520,엠씨넥스,2.9565626470405353,-2.9514757378689347,0.0006809876684088501,핸드셋,18108,347697030,348408446160
104700,한국철강,3.5437831062651948,-8.90642615558061,-0.2951186157063762,철강,17314,142875260,345543000000
123890,한국자산신탁,1.275486914695743,-5.1194539249146755,-0.2205505302008143,부동산,149459,415587895,344658150560
020000,한섬,1.7278453007624903,-1.1455525606469004,0.007409383522571944,"섬유,의류,신발,호화품",8643,126513040,342320055000
306200,세아제강,1.9029001074581344,0.08403361344537816,0.11900004497152725,철강,1963,236149700,339221480000
060980,HL홀딩스,1.6378292485226076,-1.881331403762663,-0.08939746912431656,자동차부품,22194,755301350,333743566000
090435,아모레퍼시픽우,2.0994487960869788,-5.271084337349398,-0.08900382804836016,화장품,8650,273639750,333099536500
018250,애경산업,3.0096762064733102,-10.17191977077364,-0.34003097403105864,화장품,79263,1003516830,331972882950
00104K,CJ4우(전환),2.3703666844067204,-1.5151515151515151,0.09769102172017212,복합기업,1171,91515900,329245284800
027410,BGF,2.0921156052482273,-5.379310344827586,-0.15774963333789369,화학,10883,37393080,328308593130
249420,일동제약,3.352268286387948,-3.2828282828282833,-0.0919560678010007,제약,57712,670175270,322999386510
200880,서연이화,3.2884635170399323,1.4443500424808835,0.1996337856880948,자동차부품,44005,522898620,322449253410
003220,대원제약,1.4702655286537418,-2.2664835164835164,0.0032446257373625275,제약,26776,382678380,319817333580
001940,KISCO홀딩스,2.4416544626056558,-7.943925233644859,-0.26625846254328955,철강,5363,105841330,318674686000
001340,백광산업,3.5202482606925045,-14.146341463414632,-0.5409245010341945,화학,67097,475315570,317123953420
161000,애경케미칼,3.9789164914049486,-15.544041450777202,-0.556037884473386,화학,204697,1343916510,316703095590
003000,부광약품,3.3120098476475706,-2.55863539445629,0.024954441796794402,제약,34547,158064330,312153299760
071055,한국금융지주우,2.175238512258346,-7.8397212543554,-0.1355979053250533,증권,7108,374797800,309901477900
005390,신성통상,2.474285761063757,7.196029776674938,0.29026715196082736,"섬유,의류,신발,호화품",75964,163755775,308973038500
002310,아세아제지,1.6468175128597844,-3.3333333333333335,-0.28125423928708204,포장재,12645,91598610,309745372400
025860,남해화학,1.7138301100139839,-1.4331210191082804,-0.05026816089781505,화학,32719,201645190,308008826600
130660,한전산업,3.7283990877724857,-16.036036036036037,-0.6656558107393429,전기유틸리티,69680,652476240,303832000000
000520,삼일제약,5.8505649837893055,20.415224913494807,1.4176674365571789,제약,285731,3851373300,300648500460
015360,예스코홀딩스,3.5153487555862406,-2.0792079207920793,-0.014088575118875712,가스유틸리티,10917,544536650,297600000000
033270,유나이티드제약,2.183620227506306,-3.9473684210526314,-0.09355042943184452,제약,6064,110499050,296295531080
072710,농심홀딩스,1.2062463692424892,-4.393939393939394,-0.2098832411100454,식품,4490,284918200,294035886000
286940,롯데이노베이트,2.8110539830407664,-0.8713480266529985,0.047899469582144395,IT서비스,10834,209625420,291240314750
009290,광동제약,2.2292598518661317,-0.1798561151079137,0.07763470855824291,제약,24543,135532560,288838889010
00088K,한화3우B,1.315698322420775,-6.411062225015714,-0.2689029121546088,복합기업,17235,256901300,288932126490
108670,LX하우시스,1.5188631233840344,-11.28133704735376,-0.5578719385552612,건축자재,6809,217393300,285620289500
051905,LG생활건강우,0.8939635344065963,-3.543586109142452,-0.1337693239778076,화장품,1196,163182500,285348822300
007690,국도화학,2.7248322601704795,9.342560553633218,0.5259900398520062,화학,8891,280966550,284735465600
002320,한진,1.5340179337570672,0.4221635883905013,0.0481668815928993,항공화물운송과물류,3488,66424090,284602837120
001270,부국증권,1.3881727439242266,3.787878787878788,0.31038961433566875,증권,217,5880800,281023910600
126720,수산인더스트리,3.8667686184934196,-15.793991416309014,-0.607021733364414,에너지장비및서비스,2623,51408080,280291320000
001820,삼화콘덴서,3.8530672364207743,0.7504690431519699,0.17433443126164286,전기제품,10818,292013050,280145250000
009680,모토닉,1.4023104274965716,-2.3041474654377883,-0.043278488330603104,자동차부품,4564,38604160,278850000000
035150,백산,1.7287406882656176,-0.6896551724137931,0.15900045315810457,"섬유,의류,신발,호화품",34240,444241220,278640000000
900140,엘브이엠씨홀딩스,4.122221551566641,-9.633802816901408,-0.5286622700053555,자동차,166824,268320654,276085753299
006220,제주은행,3.7394212225622874,3.9408866995073892,0.4038440394912851,은행,450475,3834077340,271488140300
122900,아이마켓코리아,1.2285047841249495,-4.116222760290557,-0.18461036060092306,상업서비스와공급품,13129,104645360,265424989600
000480,CR홀딩스,1.2351859992484422,-2.422145328719723,-0.10658148757331179,비철금속,9881,55759180,264462363600
298690,에어부산,2.080735605050615,-4.862579281183932,-0.12160271173901005,항공사,575934,1305534670,263606400000
377190,디앤디플랫폼리츠,1.9034073164030356,4.728546409807356,0.28376128365127373,부동산,42102,124811070,262990000000
004430,송원산업,2.4005023613620162,3.8095238095238098,0.2475105093198592,화학,37246,408446090,262800000000
088260,이리츠코크렙,1.66975799188054,-6.0227272727272725,-0.3024476288482475,부동산,42925,177096755,261600766700
006390,한일현대시멘트,2.0821745280954893,-4.142857142857142,-0.18304051525972034,건축자재,6777,91124560,258990804800
012030,DB,3.778017375175984,-8.524355300859598,-0.38981209326319544,IT서비스,279435,360805245,258508503905
033240,자화전자,3.483198167142824,-4.590163934426229,-0.10307558254570684,통신장비,30251,353513890,257672768100
000490,대동,4.415679641798796,-9.132007233273058,-0.2689553697513264,기계,599090,5894712850,256664287880
011760,현대코퍼레이션,2.517741983235902,-4.110275689223058,-0.14193286782295925,무역회사와판매업체,8984,171741320,253070119580
272550,삼양패키징,1.3096815836447315,-4.469606674612634,-0.21720449087184956,포장재,8043,129702920,252618736000
001390,KG케미칼,2.9139893210947383,-5.8898847631242,-0.2047481473272173,자동차,57498,213259085,252650757600
034830,한국토지신탁,1.2387972858897804,-1.7733990147783252,-0.06726054783649238,부동산,124170,123916537,251731762310
017390,서울가스,1.234610872078325,-3.4951456310679614,-0.18011570854188752,가스유틸리티,1181,58806850,248750000000
009160,SIMPAC,2.7862758252857502,1.7567567567567568,0.17034923018228398,비철금속,10615,40106575,248632160800
005500,삼진제약,1.9842730991512665,-4.254173397953688,-0.23031255952824345,제약,7187,127964010,246586000000
006060,화승인더,1.7890677106252586,6.107784431137724,0.4089743978837495,"섬유,의류,신발,호화품",70054,308893330,245620800000
005720,넥센,1.115083880211749,-1.2021857923497268,-0.0709415788922246,자동차부품,7012,31867810,242286495925
010690,화신,3.470788843305397,-3.4818941504178276,-0.008395205977673782,자동차부품,31384,216399480,241649237200
011930,신성이엔지,3.6953597909657687,0.2557544757033248,0.0900540472100946,반도체와반도체장비,310563,365213002,241459881123
013360,일성건설,14.28221969303723,181.2700449005773,6.210933810286149,건설,7393079,30620867690,236088725600
000430,대원강업,1.8219911115287313,1.5894039735099337,0.17470140240047116,자동차부품,16717,64560520,238700000000
001790,대한제당,2.2844321979340467,-5.86145648312611,-0.22288421592953522,식품,43049,114237960,237695937000
001630,종근당홀딩스,1.3931238423450618,-7.045009784735812,-0.24687287775538805,제약,1666,79354600,237968397500
102460,이연제약,2.582321879829335,-3.0990173847316704,-0.07605309435470164,제약,6385,81703890,237911180800
117580,대성에너지,2.810629030812313,-4.022346368715084,-0.07134724519213323,가스유틸리티,164300,1426185570,237050000000
001200,유진투자증권,3.9112477442239575,-12.966252220248666,-0.27154979731766604,증권,143653,350868940,236354059920
003350,한국화장품제조,5.735367465099051,6.720977596741344,1.2103171321680073,화장품,39410,2054387800,236117200000
001230,동국홀딩스,1.295127606951563,0.2717391304347826,0.028359998032145284,철강,10865,79928280,233415545220
002810,삼영무역,1.2726511011489094,-2.8417818740399383,-0.051181752769913214,화학,5701,72311310,233422222720
007460,에이프로젠,3.4280933225438486,-14.587973273942092,-0.485528878361179,제약,1260740,975470340,232959362404
024720,콜마홀딩스,2.9397558349109576,-4.929577464788732,-0.11890076067682442,화장품,25529,172304740,232185673430
016590,신대양제지,1.5622776875623132,3.985507246376811,0.33587844693823865,포장재,9160,52791520,232115443200
005945,NH투자증권우,1.404113357773312,-1.7614091273018415,0.07912321360429575,증권,59395,729194190,231924196720
226320,잇츠한불,2.679519819011366,-6.571936056838366,-0.05523158227691669,화장품,6921,72778780,231354273250
001500,현대차증권,1.7926295133718078,-5.935483870967742,-0.15974853836377315,증권,25410,186802060,231184576980
006340,대원전선,8.032781248727659,17.85028790786948,1.3874517733441443,전기장비,1678918,5106352670,230186067250
037710,광주신세계,0.9080361270696116,-1.3651877133105803,-0.04767532000186481,백화점과일반상점,5936,171627300,229962791000
322000,HD현대에너지솔루션,3.8655322647888877,1.8009004502251125,0.380669805043849,에너지장비및서비스,19702,398986850,227920000000
037270,YG PLUS,4.325413005823311,-28.952569169960473,-1.6025343605297415,방송과엔터테인먼트,206776,749007945,228028728950
006405,삼성SDI우,2.2184539017929485,-9.278350515463918,-0.44611586270639936,전기제품,3189,451889800,227637967200
008060,대덕,1.041147263023114,-1.0324483775811208,0.0350402518882853,전자장비와기기,72048,483692690,227402906500
334890,이지스밸류리츠,3.099870884628042,-4.130434782608695,-0.7911998964550115,부동산,59990,264836380,226865698290
007570,일양약품,2.7528971816518526,5.291479820627803,0.35283684613354793,제약,25623,297827120,225019978560
001250,GS글로벌,4.039490134617768,-7.796610169491526,-0.12653625210443004,무역회사와판매업체,336512,916313260,225317175720
000540,흥국화재,3.4193742862792917,5.56390977443609,0.44061315287498015,손해보험,494615,1751474170,223885617825
029460,케이씨,2.01037074339321,-2.380952380952381,-0.16892125008035053,반도체와반도체장비,3506,57467250,222286321600
092230,KPX홀딩스,1.3324590495025244,-3.669724770642202,-0.187422674285172,화학,1021,53844300,222638844200
016610,DB금융투자,2.3308784033247734,-6.306306306306306,-0.003160260873814602,증권,15330,79796170,221570150580
039570,HDC랩스,1.920272125500134,0.8284023668639053,0.11840934092916418,건설,2905,24694440,221418336530
002150,도화엔지니어링,1.950859332592261,-3.3724340175953076,-0.09447181689548778,건설,11220,73473400,221540400000
016580,환인제약,1.365482687960613,-2.633744855967078,-0.09145213649812356,제약,2138,25396310,219852827400
053210,스카이라이프,1.9359965653804894,-7.221664994984955,-0.18306978008843788,방송과엔터테인먼트,21550,100300265,220268896425
000680,LS네트웍스,3.6586228875739084,-4.810996563573884,-0.05259554927026402,증권,39978,111181215,217890339240
001510,SK증권,2.2425476870100343,-7.584830339321358,-0.2890498802263763,증권,162010,75278806,219281839344
007810,코리아써키트,3.1185036614554313,8.214285714285714,0.5681923992984804,전자장비와기기,55809,517933240,216602286670
096760,JW홀딩스,2.358053725649889,1.0291595197255576,0.15508619887989689,제약,19217,56664870,217339329480
005010,휴스틸,2.581884599749285,-3.6249999999999996,-0.13442312412130447,철강,53916,207875330,217166909875
109070,주성코퍼레이션,0.0,0.0,0.0,통신장비,0,0,216521943000
084680,이월드,2.687636906875572,-7.0197044334975365,-0.3073587742093387,"섬유,의류,신발,호화품",78651,118894960,214978188588
004360,세방,1.678967898532633,-5.631399317406143,-0.20733183296955895,항공화물운송과물류,5653,62844430,215098806600
019680,대교,2.6659830499633568,3.917525773195876,0.1848318377246882,교육서비스,6988,17593645,213874696250
452260,한화갤러리아,2.0428596362164244,-7.269653423499578,-0.3143574486761669,백화점과일반상점,196586,215194789,213245571000
035510,신세계 I&C,9.26433448282783,52.67857142857143,2.592445088542817,IT서비스,974427,13837619900,210705852000
001130,대한제분,1.2844544577579011,-3.2357473035439135,-0.12558274000255942,식품,433,54459600,212095000000
000140,하이트진로홀딩스,1.4968555213680532,-5.943691345151199,-0.28467402144009835,음료,17762,160375870,209092952650
025000,KPX케미칼,1.6774854198976101,-4.525386313465784,-0.17352265490874597,화학,4052,175668000,209330000000
002630,오리엔트바이오,17.654088745053485,275.1619870410367,8.13383485369988,생물공학,39631469,69292789697,208231756780
001470,삼부토건,8.18205547893507,-10.273972602739725,-0.37334185919530005,건설,3823067,3496954906,209701232608
004380,삼익THK,5.375394575133374,16.74418604651163,1.001416042922751,기계,1328242,13113087580,209160000000
009470,삼화전기,4.090643398162998,5.902192242833052,0.6354067942500036,전자장비와기기,26959,848835300,208004639000
011500,한농화성,3.856241957298153,-8.882720333102013,-0.3170923385198733,화학,43672,575315580,205627102300
213500,한솔제지,1.3217599050059414,-2.818489289740699,-0.12885950634549284,종이와목재,4826,41593110,205160965120
003120,일성아이에스,1.8994794517021039,-7.090909090909091,-0.2428105229394712,제약,4716,72512080,204687000000
003580,HLB글로벌,2.3356737906833653,4.104477611940299,0.26475446416895976,판매업체,116005,486973205,204114163815
138490,코오롱ENP,2.8781455994387612,-0.9380863039399625,0.08687409672071988,화학,14304,75258870,200640000000
002900,TYM,4.78017471280251,-2.832244008714597,0.1781380760064749,기계,212198,933688310,200927263760
194370,제이에스코퍼레이션,2.3223789084252,0.3472222222222222,0.17684989755152863,"섬유,의류,신발,호화품",24581,354102350,198491213650
005680,삼영전자,1.3944126171823967,-1.5952143569292123,-0.09601844388420488,전기제품,11779,116482400,197600000000
044450,KSS해운,2.106958328629387,-2.0761245674740483,-0.06664374740390389,해운사,26165,224393380,195306544800
001780,알루코,3.5051447241973737,-4.952830188679245,-0.039526539922390434,비철금속,61769,124813529,195112715980
008350,남선알미늄,6.381352569916225,12.593144560357675,0.923771168659919,비철금속,907685,1364866701,194264030450
030210,다올투자증권,4.959103891509781,20.650095602294456,1.1026530954577642,증권,58188,185149620,194610983670
404990,신한서부티엔디리츠,2.1133405410724952,-3.672316384180791,-0.29083908822406795,부동산,26318,91429035,193047799800
092790,넥스틸,4.842223673690881,-19.541484716157207,-0.842073046664229,철강,154050,1137301470,190854680000
293480,하나제약,1.8755718768422605,-2.9064486830154403,-0.10331666639026518,제약,7577,81560560,190525981120
009580,무림P&P,2.908468186035576,17.08253358925144,0.8799304158749676,종이와목재,9767049,31393852935,190847071440
095570,AJ네트웍스,1.8553250820270164,-9.722222222222223,-0.4453995426498308,도로와철도운송,204171,868437450,190287851595
037560,LG헬로비전,2.2513094407512284,-5.511811023622047,-0.15972840006111821,방송과엔터테인먼트,39241,94440590,185872476000
015860,일진홀딩스,2.1960076844524155,-0.5291005291005291,0.05627004052299769,전기장비,14383,54084645,185546536080
053690,한미글로벌,3.689066346023694,-6.25,-0.18038331165611762,건설,60788,1022213590,185730472500
102260,동성케미컬,2.1632893577565953,-5.209656925031767,-0.13593201962365745,화학,39692,148345765,185094236800
078520,에이블씨엔씨,2.835267244360962,-2.083333333333333,0.08103645156765368,화장품,22738,160800410,183920118270
001460,BYC,1.385711926807339,-0.8347245409015025,-0.024410296154733245,"섬유,의류,신발,호화품",119,3491600,183949117500
107590,미원홀딩스,0.7586572981549781,1.6709511568123392,0.08563162021384185,화학,4,314900,183512000000
028100,동아지질,2.4959169222110478,0.7352941176470588,0.0621264886551931,건설,19450,265793040,182766702300
003610,방림,4.77144865346812,10.512820512820513,0.5885123871193414,"섬유,의류,신발,호화품",76443,333442125,182373727900
004980,성신양회,2.5609633494360313,-3.8910505836575875,-0.1666914718386664,건축자재,10687,79017950,181909261660
462520,조선내화,1.3895287582692175,-4.002501563477173,-0.1885552314889566,비철금속,2937,45113540,181976828800
006490,인스코비,7.995637796370763,30.569948186528496,1.3076219136054155,다각화된통신서비스,718507,1081678434,180485924976
095720,웅진씽크빅,1.7146908900957445,-7.4821852731591445,-0.3502812433724884,교육서비스,52867,82089641,179842818645
033920,무학,2.346881387230633,-1.098901098901099,0.06609725239770267,음료,31454,198543440,179265000000
003200,일신방직,1.4556023426520432,2.393617021276596,0.1819615794418017,"섬유,의류,신발,호화품",20076,154802720,179256000000
460850,동국씨엠,2.208462903610646,-2.631578947368421,-0.0018204578273311566,철강,12729,75916130,177598016640
003555,LG우,0.8794434947007064,-1.5100671140939599,-0.02181679645177126,복합기업,1836,108125900,177369094000
002020,코오롱,5.459797083746611,1.5873015873015872,0.1927259308466518,복합기업,10791,151443630,177275021040
018470,조일알미늄,3.4591915836561595,-7.446808510638298,-0.09858709669077592,비철금속,86896,121367146,176144723911
000050,경방,1.3278371582408952,6.105610561056106,0.2556071741746607,"섬유,의류,신발,호화품",2575,16482550,176280186100
005430,한국공항,3.314648729740615,-8.40197693574959,-0.24473400671901677,운송인프라,10264,581375000,176682609000
002100,경농,1.3164203379246764,-0.5543237250554324,-0.008455909845653808,화학,8400,75633670,174922272000
000020,동화약품,1.8467957336671186,-3.400309119010819,-0.12569626296122463,제약,14262,89669900,174851002200
417310,코람코더원리츠,1.4048463266334663,-4.129464285714286,-0.28406984541109515,부동산,25300,108537560,173518000000
007160,사조산업,2.5010455620332075,-6.216216216216217,-0.126359971336309,식품,3025,104675500,174000000000
101530,해태제과식품,2.9337378075059313,0.16863406408094433,0.2474076521001285,식품,22878,136314450,173536259120
007110,일신석재,8.170735574233113,29.239766081871345,1.8173454839072505,건축자재,2950346,6434031845,171179108100
100250,진양홀딩스,1.5169045334851545,-1.4376996805111821,-0.05367739691959361,화학,49460,153213500,171878022900
004560,현대비앤지스틸,3.6829385858522117,-6.539735099337748,-0.14820860301955502,비철금속,19398,220696790,171144504850
134380,미원화학,1.3416369274621707,0.5102040816326531,0.13063368078157112,화학,82,6419200,173302318400
271980,제일약품,3.2245450142430494,-0.3451251078515962,0.03596520000115504,제약,2900,33330430,169253076720
234080,JW생명과학,1.4994456360308877,-5.94925634295713,-0.2998820323996615,제약,13209,142265010,170221455500
071840,롯데하이마트,2.1480139377008163,-4.25531914893617,-0.10835058549995447,전문소매,6951,50183820,169739449280
000320,노루홀딩스,1.0277636797389789,-2.593440122044241,-0.09572436354023328,건축자재,2797,35914640,169727998270
011000,진원생명과학,2.9991957595684284,-3.4403669724770642,0.01853969361088783,생물공학,79824,167308250,168081973500
097955,CJ제일제당 우,1.2968663202829511,-4.44947209653092,-0.12048129571227306,식품,830,105136600,167920274500
058430,포스코스틸리온,3.385562846479696,-8.388157894736842,-0.34916492986982683,비철금속,9993,283415600,167700000000
003070,코오롱글로벌,3.7070433092323594,-7.740585774058577,-0.30125185711213315,건설,12172,107348020,166986528660
016450,한세예스24홀딩스,2.330372040546704,-6.4949608062709965,-0.17905598822091753,"섬유,의류,신발,호화품",38678,162377815,167000000000
004090,한국석유,2.9160791812434583,-8.96551724137931,-0.30969023406194396,화학,45705,604190410,166546854400
000390,삼화페인트,3.005185137763735,-5.709876543209877,-0.18131848719492294,건축자재,13169,80690310,166485230280
036420,콘텐트리중앙,4.148102666125741,-4.1019955654102,-0.1725301999120326,방송과엔터테인먼트,9884,86065830,166426341120
001520,동양,2.3148494366322736,-10.925449871465295,-0.5443785322023613,건축자재,194113,134929504,165169371596
000860,강남제비스코,2.261892696994236,0.992063492063492,0.09349043051304295,건축자재,20893,532544750,165425000000
002390,한독,2.893193150056488,-7.1484071484071485,-0.21229173867871937,제약,4424,52904870,164611854680
009155,삼성전기우,2.502034089442668,4.859813084112149,0.2855068903292496,전자장비와기기,2870,160480200,163953897600
083420,그린케미칼,6.121044114573928,38.69969040247678,1.9732654357282406,화학,641309,4295523400,161760000000
077500,유니퀘스트,8.207553585051912,61.505376344086024,2.320684053080897,반도체와반도체장비,6805814,51030339180,161568762960
007860,서연,3.182476921709524,4.447852760736196,0.3044761132503782,자동차부품,34808,234692550,159897737640
027970,한국제지,2.55517592347575,-2.9002320185614847,-0.1337052534345451,종이와목재,22492,18766351,159179184369
092220,KEC,3.6555027854365076,0.8985879332477535,0.1396770073682795,반도체와반도체장비,209715,165486524,158000591967
090350,노루페인트,2.0917697613332518,-1.8564356435643563,-0.03556982390525323,건축자재,13228,104425700,159000000000
008110,대동전자,0.0,0.0,0.0,전자장비와기기,0,0,157776322880
004250,NPC,2.4211333825503547,-4.586129753914989,-0.2449788503515992,포장재,8642,37003720,157712400000
079430,현대리바트,2.2781932139592955,-4.396984924623116,-0.08597073921276902,가구,8689,66264740,157094907300
000300,대유플러스,0.0,0.0,0.0,자동차부품,0,0,156936737152
009270,신원,5.6046647751835454,25.394190871369293,1.344027696688889,"섬유,의류,신발,호화품",1190177,1781765862,155828674764
003650,미창석유,1.4864371949743098,-1.2154696132596685,-0.017509800685407417,화학,116,10374900,155700644000
214390,경보제약,3.5453671295043483,23.44322344322344,1.1139771268388632,제약,82523,514116150,156589933000
001380,SG글로벌,10.99709673536581,33.969465648854964,2.178533284608414,자동차부품,4190899,14253003915,159397886935
450140,코오롱모빌리티그룹,11.547805025297723,25.062656641604008,1.7404854711273483,자동차,706924,1716057175,154745921250
081000,일진다이아,3.820573953225538,-4.956521739130435,-0.10630432365208602,비철금속,8294,90996330,155664606000
068290,삼성출판사,3.6923425455562326,7.773109243697479,0.5665449651989884,출판,18207,278579780,153300000000
092200,디아이씨,3.857318805162477,0.6353240152477764,0.14697211790998593,자동차부품,214932,840674600,153026519015
070960,모나용평,3.5699104199190965,0.31746031746031744,0.19625753139050459,"호텔,레스토랑,레저",31626,99782220,153063998940
010955,S-Oil우,1.557118701171214,-5.4088050314465415,-0.21570628662093413,석유와가스,1987,75038250,151425551550
214420,토니모리,4.6057243742244,0.4807692307692308,0.5595152967051875,화장품,79440,495902200,151064137720
001750,한양증권,3.157493685969667,-3.1914893617021276,0.010911107095512773,증권,16590,195755360,150578557220
002170,삼양통상,0.9360963664582875,0.5964214711729622,0.03390561903700795,"섬유,의류,신발,호화품",3871,194618400,149550000000
010820,퍼스텍,3.5345671644660204,-5.255023183925812,-0.18663496974348442,우주항공과국방,317911,966899715,149485989970
001020,페이퍼코리아,2.3287146400784815,-7.230255839822025,-0.23675559566694931,종이와목재,14524,12192158,149150016294
010580,에스엠벡셀,6.917658093421296,21.415607985480946,1.0302629046823106,자동차부품,22452,29964531,148854854880
004970,신라교역,1.897875101922775,-0.6430868167202572,0.044334567666559035,식품,6189,57306930,148480000000
128820,대성산업,3.3406455603129226,-1.355421686746988,0.05983437343029581,석유와가스,107028,351100370,148372367840
008490,서흥,2.4376614223007005,-4.959289415247965,-0.11706802118627899,제약,4670,59509300,147853264140
003547,대신증권2우B,1.1472234295510846,-2.898550724637681,-0.08111281720781571,증권,14623,216128890,147400000000
001360,삼성제약,2.281797445890575,0.8485639686684074,0.04084666294603414,제약,121234,185888704,145951222450
012320,경동인베스트,3.327952854880438,-12.142857142857142,-0.3666846783778904,비철금속,5853,361741900,145448914500
298000,효성화학,5.700899408318272,-1.153846153846154,0.28747625211382904,화학,6049,234934200,146932676250
400760,NH올원리츠,1.2819907117567966,-0.4444444444444444,0.07533387559692628,부동산,10480,35257240,144113376575
011785,금호석유우,2.0898128979380948,-10.566037735849058,-0.4603628573600749,화학,5471,260298200,143464410700
015230,대창단조,2.5916924495512044,0.4,0.07182903031158486,기계,19219,95800510,142861150000
015890,태경산업,2.037674782008287,-7.15648854961832,-0.3506340444050837,비철금속,13817,67166790,142344012500
350520,이지스레지던스리츠,0.9157190945619269,-4.364089775561098,-0.24984811856371855,부동산,19752,75820190,141381884670
011330,유니켐,4.536897743170251,-2.465023317788141,-0.8001851000238618,"섬유,의류,신발,호화품",86470,127343916,141324872319
094280,효성ITX,1.091040459690413,-1.8518518518518516,-0.0513956592310677,상업서비스와공급품,2996,36574950,141010040000
034300,신세계건설,0.08638305094010482,0.3325942350332594,0.016638921639774984,건설,3682,66654580,140543632940
000970,한국주철관,1.4113812114303395,-2.996845425867508,-0.12662490295899273,철강,6231,38438230,140451080000
003830,대한화섬,0.9654961345215334,-9.051724137931034,-0.49020258994665833,화학,40,4172700,140104000000
214330,금호에이치티,4.747197549405728,18.647166361974406,1.0600228930707516,자동차부품,1134875,731531055,138830271019
000700,유수홀딩스,0.9380448918546529,2.5096525096525095,0.12817261503396682,항공화물운송과물류,12416,66026270,138542439840
011280,태림포장,2.711956529155278,-8.632075471698112,-0.07762713355360051,포장재,21072,40674759,137009493900
363280,티와이홀딩스,2.8594705525156883,-9.698996655518394,-0.44497779220909084,"호텔,레스토랑,레저",10201,27617330,136159023600
008040,사조동아원,2.374667241913016,-2.129817444219067,-0.04537430949684891,식품,44639,43076656,136204539000
004080,신흥,0.20276060286024924,0.06993006993006994,0.003690655379897656,건강관리장비와용품,1043,14916930,135945000000
011810,STX,3.0179179716444047,-6.7092651757188495,-0.23381913164889578,무역회사와판매업체,23892,104485105,135858520260
005950,이수화학,3.438629305559471,-8.702290076335878,-0.26713353370877446,화학,37735,225408360,136109206610
025820,이구산업,3.6400121340966285,-1.2300123001230012,0.23336410355806686,비철금속,87601,350734090,134604050000
267850,아시아나IDT,2.929265398217017,-15.649122807017543,-0.8514732202112386,IT서비스,13911,166893060,133200000000
210980,SK디앤디,3.1482387765926623,-7.282184655396619,-0.23261576850836235,부동산,35519,254779850,132928107480
031440,신세계푸드,6.015422269141824,8.30670926517572,0.6108107611655538,"호텔,레스토랑,레저",46265,1605088900,132245192000
136490,선진,2.183515260126052,-8.97226753670473,-0.3230379162327163,식품,14104,79088060,132690190320
105840,우진,4.096148618744432,-17.737789203084834,-0.8630518305144885,기계,60055,386082750,129664657320
339770,교촌에프앤비,3.5219545097246567,3.901273885350318,0.25410229704306675,식품,45770,242456420,129909208000
003060,에이프로젠바이오로직스,3.0675982820144236,-11.83673469387755,-0.5834586871864468,제약,259971,170588720,129560322785
024090,디씨엠,1.5694234097353574,0.53475935828877,-0.010529652533037327,비철금속,585,6621670,128820000000
033180,KH 필룩스,0.0,0.0,0.0,전기제품,0,0,128260035150
001045,CJ우,1.4061265276882027,-1.2173913043478262,0.035917459392309524,복합기업,358,20377800,128380666400
006840,AK홀딩스,3.0910776653424006,-14.23487544483986,-0.5957889177885594,화학,28399,272635370,126646683160
004710,한솔테크닉스,2.7438962684125663,3.7859007832898173,0.2944457245311777,전자장비와기기,23276,91207685,126834018100
02826K,삼성물산우B,1.2900137428596365,-6.7669172932330826,-0.3256919752084703,복합기업,779,67692100,127386812000
006890,태경케미컬,2.094146391295132,1.1959521619135236,0.09396449828779745,화학,22336,246540920,127600000000
000105,유한양행우,4.090341609647699,-1.662049861495845,0.1396207116355614,제약,24369,2680859400,125888204000
003780,진양산업,8.204069693858436,52.78219395866455,2.6397593376099286,화학,1204394,11553665590,126230000000
014580,태경비케이,3.588408272131969,3.397508493771234,0.25686048758380825,비철금속,76211,345707035,125641020500
002620,제일파마홀딩스,3.5886666484814684,-4.156479217603912,-0.10160522353091009,제약,473,3722310,125231103200
317400,자이에스앤디,2.594607111666477,-5.3097345132743365,-0.13646234384978695,건설,4014,12808225,124297976600
007210,벽산,2.6386371911951727,-1.3440860215053763,-0.007777515148533731,건축자재,21997,40214259,123905040000
210540,디와이파워,2.59844667917634,-8.73469387755102,-0.42382973040860306,기계,6067,68065290,123887963760
003720,삼영,3.8268645072168956,3.556187766714083,0.32268152130305594,화학,44748,164795260,123930000000
00279K,아모레G3우(전환),1.1618039730454748,-0.9116809116809116,0.05262845811241201,화장품,1973,34329440,123333358000
020120,키다리스튜디오,3.6637918963764857,-16.582914572864322,-0.9007616642741201,양방향미디어와서비스,18520,62005375,123607659610
003460,유화증권,1.0616109984556232,-4.424778761061947,-0.17626566608818506,증권,12849,27884535,122477216400
015590,KIB플러그에너지,0.0,0.0,0.0,기계,0,0,122045495160
120030,조선선재,1.1220627503023293,5.086580086580087,0.2651916347665262,철강,1119,107736600,121866381900
014530,극동유화,2.507160773784184,-0.2857142857142857,0.015944749882106368,석유와가스,69009,241742405,121171234500
001080,만호제강,2.7610044854925313,-16.115107913669064,-0.9989758728848077,철강,432,12616950,120972500000
002780,진흥기업,3.0679943668872376,6.60621761658031,0.4097531802839921,건설,163468,132402619,119286830900
002210,동성제약,3.419886836574713,2.59009009009009,0.18374319511207826,제약,19070,87254430,118759413500
017550,수산중공업,2.9375653010345433,3.0995106035889073,0.18467827320321545,기계,31500,59812385,118183952220
063160,종근당바이오,2.7999579336837024,-2.9279279279279278,-0.009148607941120135,제약,7281,158050650,117948183000
012800,대창,3.8263552162421877,2.401921537229784,0.3587512807315325,비철금속,281257,354652670,116842119718
009070,KCTC,3.1492299755200817,-5.0245098039215685,-0.10572233875292661,항공화물운송과물류,23867,92350455,116100000000
012600,청호ICT,0.0,0.0,0.0,컴퓨터와주변기기,0,0,116119947330
018500,동원금속,13.569182527533503,127.06422018348624,4.978087693306227,자동차부품,14450438,33945289760,115718459175
014280,금강공업,2.765704549653953,-9.111880046136102,-0.35354810230864897,건축제품,17607,68706130,115411019795
058850,KTcs,3.2516677382533685,-6.884681583476763,-0.262262146275023,상업서비스와공급품,72566,195662025,115676350000
004310,현대약품,4.3889440218617315,-0.5578800557880056,0.19111523428196273,제약,44520,159269775,114080000000
012610,경인양행,2.1419331953678027,-2.3214285714285716,-0.05980545447653587,화학,10232,27986655,114028840100
013580,계룡건설,2.0529368460180866,-2.230769230769231,-0.08501377849634284,건설,5445,69609300,113779755180
248170,샘표식품,3.3990107959204443,-5.714285714285714,-0.05491288082199723,식품,1426,35343900,113065078500
016710,대성홀딩스,1.3526462422095888,-3.724137931034482,-0.1808327875295901,가스유틸리티,9139,63869180,112143529230
019440,세아특수강,1.8503294035170292,-5.563583815028902,-0.2401817154138702,철강,3093,40331910,112095600000
487570,HS효성,2.972315354397981,-8.56269113149847,-0.3195786528115541,복합기업,590,17628850,111405217300
014160,대영포장,2.629432004933827,6.950207468879668,0.45906736488581074,포장재,417113,428602660,111429596372
023450,동남합성,1.8129134770170288,7.614213197969544,0.3488025967033682,화학,474,15048000,111300000000
002200,한국수출포장,1.031133214829985,1.094890510948905,0.10539195411285285,포장재,56263,155940090,110800000000
005870,휴니드,4.651543805021829,-8.847497089639116,-0.38597561837020944,우주항공과국방,139522,1103279020,110810717750
033530,SJG세종,2.6254940444852517,-3.0525030525030523,-0.07930644517486936,자동차부품,14699,58285125,110449215170
089470,HDC현대EP,2.31935865099649,-5.226960110041266,-0.16642827846475142,자동차부품,31243,108269840,110055000000
111380,동인기연,3.3465593802880487,6.933652121936642,0.534514657022191,"섬유,의류,신발,호화품",4507,80767670,109691200000
003480,한진중공업홀딩스,1.841691916869178,-1.3440860215053763,-0.04471114698457235,가스유틸리티,14413,53057755,108817357220
002720,국제약품,3.5217050424978753,-4.511278195488721,-0.03858203757054701,제약,130872,667852890,108338339840
012690,모나리자,3.6261776518261386,5.724508050089446,0.32981989836517006,가정용품,75995,223508240,107702345975
007540,샘표,2.3547013717604464,-8.292682926829269,-0.3066345102815233,식품,618,23221800,107842500000
017370,우신시스템,3.6156077574332324,-5.136436597110754,0.053501609469519006,자동차부품,18235,106772730,107686637520
034590,인천도시가스,0.8357814183618344,-3.536345776031434,-0.176480191932471,가스유틸리티,816,20010950,107618948400
004830,덕성,7.5089918796530135,9.032258064516128,0.8112158098706956,"섬유,의류,신발,호화품",168267,1126722810,105369600000
002450,삼익악기,2.394740476877392,5.797101449275362,0.2907448766728532,레저용장비와제품,53773,62768573,105740108720
396690,미래에셋글로벌리츠,0.9932760031828636,-0.931098696461825,-0.02344977352703781,부동산,51561,135890990,105351800400
011150,CJ씨푸드,4.030918803872445,-0.5093378607809848,0.2427234928233711,식품,303632,894084055,105277164890
004140,동방,3.55475574731613,-2.684563758389262,0.04780542341570828,항공화물운송과물류,110903,241054510,104338591050
008700,아남전자,4.348098722739474,16.481639624252775,0.9847261517215289,전자제품,458985,614995033,104272756640
013570,디와이,2.9939410491044725,-5.938242280285035,-0.11834526653290878,기계,27329,106841245,104225746680
035000,HS애드,1.031395063194734,-2.329192546583851,-0.10490722824820053,광고,14085,88751750,103877654430
267290,경동도시가스,1.0037291595762081,-4.444444444444445,-0.2276136679089785,가스유틸리티,3048,53702480,103936007780
002600,조흥,1.0621988091318382,-1.8475750577367205,0.005347120441746012,식품,15,2570300,103560000000
139990,아주스틸,2.1942962355065543,-3.945745992601726,-0.1719787466763495,철강,3654,14226175,103419201600
008970,동양철관,4.246062491242609,-9.392265193370166,-0.3625471219090221,철강,504604,328950027,103026216960
007280,한국특강,3.323416067419205,18.68686868686869,0.8540677026007055,철강,44494,74576624,101740669303
016090,대현,1.7484208284350833,5.311778290993072,0.296763645121958,"섬유,의류,신발,호화품",119560,275748490,100742255250
123690,한국화장품,3.512511591469013,-2.64797507788162,0.2127713178286811,화장품,38488,239109190,100264320000
002700,신일전자,2.2067467673379473,-1.8881118881118881,-0.06170727916342265,가정용기기와용품,67285,94874670,99679671963
002460,HS화성,2.4273246397166606,7.386990077177508,0.37354119791203844,건설,3175,31275710,98962500000
017900,광전자,2.183469047894568,1.4184397163120568,0.11382421975594521,전자장비와기기,36129,60485270,98852059678
004150,한솔홀딩스,1.1115364368047354,1.2987012987012987,0.09211151618046143,종이와목재,10992,25822620,98720155950
008260,NI스틸,2.1262642837188896,-6.575342465753424,-0.37234954808016524,건축자재,18239,62762060,98384402480
244920,에이플러스에셋,2.153066097398975,-8.835758835758837,-0.2710793973522385,손해보험,34327,150573135,98569541480
264900,크라운제과,1.7620814313893398,-3.2218091697645597,-0.05514477122646131,식품,1715,13398000,98312222500
002990,금호건설,3.1033730413293705,-9.726962457337883,-0.4134877072891758,건설,54996,145589490,97742258775
016740,두올,2.4760832442962024,-6.917293233082707,-0.38101158709759714,자동차부품,52784,163889510,97045450400
024900,덕양산업,3.1204406020714126,1.0256410256410255,0.20082064055739046,자동차부품,22646,67275350,96555165700
163560,동일고무벨트,3.577779491325113,-4.979253112033195,-0.1393860817447551,자동차부품,6344,43399360,95354000000
004890,동일산업,1.5939745930779439,-1.0165184243964422,-0.038980637960837616,철강,235,9130250,94704645750
000157,두산2우B,3.1589941824905914,10.477178423236515,0.7537184338135795,복합기업,682,71721100,94304812800
010100,한국무브넥스,3.8841920123454137,-0.64,0.0952177132732663,자동차부품,20098,62286645,94700806200
023000,삼원강재,1.7030585037458352,-3.877551020408163,-0.1733448238511709,자동차부품,697,1647230,94200000000
101140,인바이오젠,0.0,0.0,0.0,전자장비와기기,0,0,93812977440
015020,이스타코,14.762921563070732,231.55487804878047,7.351899108243463,부동산,5206265,11142889377,93416488000
227840,현대코퍼레이션홀딩스,0.9527621552033538,-3.8461538461538463,-0.18215436040497912,식품과기본식료품소매,5288,54379760,93283569000
004100,태양금속,10.27069239096351,-8.19672131147541,0.11102091196397268,자동차부품,974858,2435600820,93218000000
001560,제일연마,2.544252629136952,8.362369337979095,0.47352641070719026,비철금속,1536,14456930,92862000000
047400,유니온머티리얼,3.482874557480322,-6.423982869379015,-0.3045697631966787,자동차부품,113381,245431355,91140000000
058860,KTis,1.9717958154709225,-3.6900369003690034,-0.14151368900810643,상업서비스와공급품,53433,139455745,90833220000
000180,성창기업지주,2.4327985734636384,1.249024199843872,0.09035781442520478,종이와목재,36654,47654376,90607328400
096775,SK이노베이션우,2.337826851636157,-4.986876640419948,-0.17708664909142915,석유와가스,1324,96345000,90261199800
481850,신한글로벌액티브리츠,1.1231814747217768,0.4889975550122249,0.04263468332580289,부동산,26144,53533765,89346599520
023800,인지컨트롤스,3.3983286603249554,-4.39932318104907,0.011026595226868996,자동차부품,18153,101730250,89321963050
010040,한국내화,1.810136133823784,2.8503562945368173,0.19209136499125595,비철금속,3579,7753330,89115524540
011700,한신기계,3.763366199076748,-18.694362017804153,-0.8631067525334866,기계,64977,178420290,88902453740
078000,텔코웨어,1.0812227367970078,-4.036326942482341,-0.13430149904747501,소프트웨어,9822,93979090,88150334580
372910,한컴라이프케어,3.276620775250532,-6.047197640117994,-0.2224623245579187,건강관리장비와용품,48920,154967485,88281355140
004540,깨끗한나라,7.934373552420832,11.82033096926714,0.7098214031311724,종이와목재,137964,323832560,88260442410
093240,형지엘리트,14.491394365977113,133.49282296650716,5.397410164851786,"섬유,의류,신발,호화품",10922103,25447697825,87925974560
005960,동부건설,2.0335291610478836,-5.334987593052109,-0.19792834132468848,건설,11617,44115190,87425574450
000230,일동홀딩스,6.377738694876023,14.114114114114114,0.902101220575555,제약,210718,1651785980,87130020000
009200,무림페이퍼,1.6340715377581227,4.302151075537769,0.25864841405422334,종이와목재,1285855,2725833685,86339318250
079980,휴비스,2.921545697601637,-5.794392523364486,-0.17325995587771265,"섬유,의류,신발,호화품",42293,105954455,86595000000
019490,하이트론,3.6183930665472124,-10.9204368174727,-0.7276506560374296,통신장비,302909,868429515,85325723960
069460,대호에이엘,3.229523278150654,-8.898614150255288,-0.40739103871892,비철금속,148108,184699719,84662437073
007590,동방아그로,0.7953599093986254,-0.6472491909385114,-0.045580452777364,화학,193,1188270,83748098550
032560,황금에스티,1.7611514564962976,-3.1620553359683794,-0.12583567340340052,비철금속,2082,10175155,83130000000
005740,크라운해태홀딩스,2.240761158927383,-1.4311270125223614,0.014878485260882424,식품,2840,15697210,82402775850
014790,HL D&I,2.655907149039358,-8.631578947368421,-0.2995872059551113,건설,17818,38748940,82153164170
005800,신영와코루,1.2903997505813962,1.1049723756906076,0.11845382980538222,"섬유,의류,신발,호화품",5875,53482740,81720000000
067830,세이브존I&C,2.205209225745213,0.0,0.09367440977524014,백화점과일반상점,3922,7807292,81548258365
004840,DRB동일,2.968319610160026,-6.521739130434782,-0.10311675779054393,자동차부품,2779,11327350,81414050000
044820,코스맥스비티아이,1.209112014743786,-2.978235967926689,-0.09233650179384878,제약,2215,18923080,81153132450
011390,부산산업,5.3379193371469915,25.822368421052634,1.3852327677997605,건축자재,8545,637216200,80467200000
000590,CS홀딩스,2.0109746001639595,2.627737226277372,0.08358734517675433,철강,1104,76864600,80698291800
036580,팜스코,5.329034255766452,-10.16597510373444,-0.11665378792711531,식품,23335,51291970,79699636310
001260,남광토건,4.749265238641899,0.7509386733416771,0.14430750899936676,건설,21212,170877770,79545507480
004770,써니전자,9.295607386303953,34.77173233270794,1.9270531946741787,전자장비와기기,923575,1978047445,79278229440
004870,티웨이홀딩스,3.050132105597478,4.962406015037594,0.45505086599762823,건축자재,443004,307439045,78581193453
000910,유니온,3.4716809138014337,0.199203187250996,0.07766863664548258,건축자재,98911,494804725,78214211190
000220,유유제약,2.921556363546679,2.249718785151856,0.4898523143319101,제약,38121,172004860,76901064765
004910,조광페인트,3.2167802500287,3.9655172413793105,0.33058603659168734,건축자재,11049,66694060,76800000000
014710,사조씨푸드,3.6481140625034043,-8.213552361396303,-0.261296244523389,식품,34729,156592470,76708609065
010960,삼호개발,1.5824827673280188,-0.32310177705977383,0.019961504278908082,건설,3258,9985265,76625000000
004720,팜젠사이언스,3.025992569589828,-10.44776119402985,-0.43622962312949987,제약,25807,108816750,76349805000
006090,사조오양,2.237488393085114,-2.7611044417767108,-0.04360864556029633,식품,1178,9511170,76041503730
338100,NH프라임리츠,1.2827622467865722,-4.716981132075472,-0.20989054422298592,부동산,29517,119801280,75666300000
013700,까뮤이앤씨,3.0633702289902254,4.534212695795548,0.26446541383207134,건설,23626,29874029,75286045800
013520,화승코퍼레이션,2.6679839013931392,-8.03680981595092,-0.39306653512653383,자동차부품,10005,15041356,75026826748
003925,남양유업우,2.064017798764685,-5.150753768844221,-0.19988336228469902,식품,1745,65728800,74800000000
111110,호전실업,3.1975654241398566,1.4588859416445623,0.28958797884408477,"섬유,의류,신발,호화품",9449,72410040,74684877440
006880,신송홀딩스,4.2602110215437765,-9.857142857142858,-0.4654118270497909,식품과기본식료품소매,29922,188239980,74758382560
074610,이엔플러스,4.121424865123583,-8.672086720867208,-0.2915491347710152,기계,94888,95991047,74181851019
051630,진양화학,9.4511145221483,54.845814977973575,2.796724352527643,화학,415794,1447897285,74518000000
129260,인터지스,6.997895834205884,16.9811320754717,1.0131081907260986,해운사,198919,490374650,73923466890
004960,한신공영,2.7379304289252877,-7.994186046511628,-0.336419159656402,건설,7245,46120360,73473957700
072130,유엔젤,5.373975072654018,10.595358224016145,0.6524590179686245,IT서비스,186227,1078720550,71783269760
021820,세원정공,1.9454101631503653,3.977272727272727,0.34306020166085194,자동차부품,3373,24564760,73200000000
006660,삼성공조,3.394512313174796,-6.971904266389179,-0.34210612291198866,자동차부품,18048,160769480,72730510300
011690,와이투솔루션,3.8121053632655344,-13.201754385964911,-0.5489160606328629,디스플레이장비및부품,26315,52299243,72380725726
092440,기신정기,2.0635084865357585,0.0,0.020214987577343857,기계,14529,36044685,72270000000
002410,범양건영,11.359324487609818,-0.3787878787878788,0.3800821599817677,건설,1513099,3898654290,72958922100
007980,TP,4.040160768234495,2.4763292061179896,0.26291417634384806,"섬유,의류,신발,호화품",186238,261112367,71952232780
014440,영보화학,1.5533159332374813,3.7735849056603774,0.23333358507745988,화학,10785,38448575,71200000000
085310,엔케이,3.7563332742796876,24.789915966386555,1.1723702698929965,기계,712081,624675331,71345149984
014990,인디에프,7.80057470945023,10.60070671378092,0.847260155694172,"섬유,의류,신발,호화품",317875,292116498,70681328295
013870,지엠비코리아,1.5048330616757093,0.13513513513513514,-0.009419815737909953,자동차부품,9555,35510135,70662797400
102280,쌍방울,0.0,0.0,0.0,"섬유,의류,신발,호화품",0,0,70637274900
010640,진양폴리,5.788792325453358,13.636363636363635,1.0291902433548157,화학,163066,1139479440,69900000000
023350,한국종합기술,11.306591013283029,45.68764568764569,2.4743227028469565,건설,480260,2956481240,68656500000
000890,보해양조,4.250555128742166,6.911447084233262,0.53917372576683,음료,291973,143621656,68586223597
017040,광명전기,3.8832151055489454,8.344827586206897,0.6481413242988154,전기장비,48558,76317218,68083393165
016880,웅진,2.4926720606941917,2.0408163265306123,0.11205840001600405,출판,38486,32681746,67938018000
091090,세원이앤씨,0.0,0.0,0.0,석유와가스,0,0,66998498210
001275,부국증권우,0.631681474754587,-0.8968609865470852,-0.04313310639627421,증권,120,2645550,66300000000
004450,삼화왕관,1.8712731091709367,-0.6472491909385114,0.057669436678172724,포장재,123,3755650,66031716350
078935,GS우,1.347010550994427,-7.079646017699115,-0.30077693357829893,석유와가스,7953,291453700,65770838100
002760,보락,2.465641926715869,-1.3574660633484164,0.09319336934168912,식품,45147,49228301,65291000000
009190,대양금속,3.452423250107161,-3.207547169811321,0.16855892863372698,철강,71160,109460802,65107298482
33626K,두산퓨얼셀1우,2.38499848829621,-6.22568093385214,-0.3324130732433378,전기제품,2979,14336640,64950012000
006740,영풍제지,2.498918538178677,-3.5833333333333335,-0.0899001844534486,종이와목재,105609,122086041,64684651226
002140,고려산업,3.5748771839031668,-10.708117443868739,-0.31988572726276987,식품,77538,200897435,64593110750
003560,IHQ,0.0,0.0,0.0,방송과엔터테인먼트,0,0,64669472240
031820,콤텍시스템,2.754670604075783,4.715127701375246,0.25751102265200093,IT서비스,99065,52951169,64520431378
155660,DSR,5.098828600643371,2.6923076923076925,0.2584698075077401,비철금속,34538,136314555,64160000000
009770,삼정펄프,0.6725948689555602,-2.846299810246679,-0.12314254419513948,가정용품,36,924300,63999257600
03473K,SK우,1.5534576457364282,-2.249134948096886,-0.04571457025904668,석유와가스,746,84128500,63973255000
004060,SG세계물산,2.375764969178046,-5.389221556886228,-0.11343421480806856,"섬유,의류,신발,호화품",302676,95664919,63763862400
003010,혜인,3.0742657960118778,0.8163265306122449,0.12648500491212072,기계,16399,80508155,62800970180
075180,새론오토모티브,1.7081849412858932,-3.259259259259259,-0.15144036524169072,자동차부품,271,889740,62688000000
357250,미래에셋맵스리츠,1.5313852443403861,0.6048387096774194,-0.07811108167338324,부동산,9316,23139465,62237811450
041650,상신브레이크,2.3985956122053103,-4.958677685950414,-0.21002432067491475,자동차부품,11415,32798545,61730418750
017180,명문제약,2.991107014872715,-1.8378378378378377,0.06436609210521252,제약,37805,68897011,61421798286
005750,대림B&Co,1.7439417165409763,-5.045278137128072,-0.25687718733108766,건축제품,5434,19920015,61020398400
092780,동양피스톤,1.7032957447370527,0.6535947712418301,0.11753325642915373,자동차부품,12231,56123360,60838285200
008870,금비,3.643928501853566,18.234165067178505,0.8842883972225618,포장재,7625,448803600,59900000000
011300,성안머티리얼스,6.792442696508405,44.0,2.1473130351380867,"섬유,의류,신발,호화품",971206,704625008,59756131344
006805,미래에셋증권우,2.0674181379957055,-8.432432432432432,-0.30476580974840956,증권,18000,76354945,59681180000
055490,테이팩스,2.9803016020147783,-10.087082728592163,-0.40034354477459405,전자장비와기기,13832,171566700,59000570500
002360,SH에너지화학,4.176243200371949,-1.1235955056179776,0.13862748515558518,화학,276134,146567507,58789743170
010660,화천기계,9.11223268122745,2.729044834307992,0.6097499813155627,기계,382772,1001490050,58190000000
009180,한솔로지스틱스,2.1451492088612216,-3.278688524590164,-0.05020066630215314,항공화물운송과물류,9408,19393335,58423336875
000850,화천기공,2.2933467207703195,0.9523809523809524,0.1301892575911801,기계,3565,94017100,58300000000
378850,화승알앤에이,3.2612773187196424,-6.191950464396285,-0.2837019009962439,자동차부품,7346,22145315,57645645805
002795,아모레G우,0.9475597552037268,-2.5274725274725274,-0.1346308714413219,화장품,99,879880,57220677600
023810,인팩,1.8849029538458981,3.473491773308958,0.19712135424753804,자동차부품,3556,20124040,56600000000
006370,대구백화점,2.7331713722540334,-9.76027397260274,-0.425317906984169,백화점과일반상점,7596,40465790,56488809420
100220,비상교육,5.38295839306289,-8.191489361702127,-0.25556051742718433,교육서비스,43659,186668135,56210904825
008250,이건산업,1.9051144646356386,2.9940119760479043,0.2049287342540173,건축자재,6332,32577570,56187017550
019180,티에이치엔,2.130640840385036,3.9735099337748347,0.2247852968166492,자동차부품,19644,61596505,56160000000
004920,씨아이테크,1.9976536874673767,-12.047244094488189,-0.6750860218983523,컴퓨터와주변기기,13241,14798603,56073688160
465770,STX그린로지스,3.7818573521251446,-8.117647058823529,-0.21177786847583485,해운사,16051,125392340,55718918640
004410,서울식품,1.7823324475609796,-0.6711409395973155,0.015033347951890463,식품,667695,98837326,55838578291
009810,플레이그램,4.473234424125473,1.3774104683195594,0.3020058056137897,판매업체,292533,107261509,55590825000
071090,하이스틸,3.4611347292252828,-10.032894736842106,-0.4373267382752434,철강,22311,60885745,55324630540
001550,조비,2.854010743290082,5.841584158415842,0.34175702106500505,화학,4182,43986160,55556957300
021050,서원,2.871177830915363,3.597122302158273,0.24270190966177774,비철금속,86586,98430734,54690727680
058730,다스코,3.768257818400341,-6.752411575562702,-0.5776549779833907,건축자재,21895,63113795,54135190080
002880,대유에이텍,2.3485414802104905,2.555066079295154,0.10801817906553317,자동차부품,18390,21386898,54363295260
069730,DSR제강,4.102464897405719,11.940298507462686,0.6743941802834185,철강,10419,38930355,54288000000
145210,다이나믹디자인,4.283930737269179,-14.782608695652174,-0.6915360891394801,자동차부품,87673,137747524,54258666903
011230,삼화전자,5.275111967238407,-6.149341142020498,0.09549795900326452,전자장비와기기,61001,193780095,54173153500
007610,선도전기,0.0,0.0,0.0,전기장비,0,0,54000000000
001620,케이비아이동국실업,2.293787581603141,-2.8282828282828283,-0.14846371887995757,자동차부품,117427,57166120,53531947911
011420,갤럭시아에스엠,4.517085743775014,-13.066666666666665,-0.5119626779762461,레저용장비와제품,78782,152489107,53611607224
027740,마니커,1.8252038755628128,-5.427251732101617,-0.25713933530133015,식품,49501,40710289,52142718188
000650,천일고속,1.7108424699727294,0.27739251040221913,0.14723612923132512,도로와철도운송,1,36150,51666303000
025750,한솔홈데코,2.986389354783999,0.15600624024961,0.011484782354588807,건축자재,128024,82420331,51642260509
005305,롯데칠성우,0.9265462228851935,-2.785923753665689,-0.10771486851566814,음료,457,30225400,51403053000
120115,코오롱인더우,1.467433762884635,-5.3115423901940755,-0.2416274714595456,화학,2815,52250390,51288445800
001210,금호전기,4.045187348817756,45.6,1.9304341099453428,디스플레이장비및부품,429956,395857140,51210017529
002220,한일철강,1.605526927045323,-5.050000000000001,-0.25903986458532813,철강,4444,8435959,50671779080
008600,윌비스,10.908105264482478,104.82573726541555,3.944196090995338,"섬유,의류,신발,호화품",1168512,856367893,51435569835
308170,씨티알모빌리티,2.6414427635980133,12.884615384615383,0.8283986811861371,자동차부품,1184,6940520,50712900000
003080,성보화학,0.8962863204866166,-0.4008016032064128,-0.02625260148576558,화학,2760,6859955,49849800000
010600,웰바이오텍,0.0,0.0,0.0,해운사,0,0,49553256815
009320,아진전자부품,2.9756872782934876,-3.1914893617021276,-0.11507764263975098,자동차부품,18839,18836506,49398369540
090080,평화산업,2.5551682115858867,0.3382187147688839,0.07620322303464604,자동차부품,30336,26715774,48863010510
025530,SJM홀딩스,1.4067541642605157,-0.6116207951070336,-0.013464940168285144,자동차부품,2324,7494925,48386185920
023960,에쓰씨엔지니어링,3.691286662945644,-6.530612244897959,-0.32304067993837216,건설,168152,227277642,48100381364
002920,유성기업,1.387049426935961,-1.284796573875803,-0.03933109349408048,자동차부품,6825,12553315,47587715000
008420,문배철강,3.468400997063363,-5.918367346938775,-0.20664930929457706,철강,1226,2819480,47158061500
026940,부국철강,2.7097971912357957,-1.0526315789473684,0.06655621324971654,철강,49998,118085615,47000000000
145270,케이탑리츠,1.6730496094474443,-2.788844621513944,-0.11795403481166478,부동산,161975,156063687,46763133102
012280,영화금속,2.251162379904036,8.937198067632849,0.5568657081421158,자동차부품,54486,49430096,46549719005
001290,상상인증권,1.7789744231035387,-1.6018306636155606,-0.08831632694288657,증권,13528,5826503,46368287360
006980,우성,2.234685610583975,-7.067575945443274,-0.3542265031734738,식품,747,11094280,46226400000
118000,메타케어,2.205809690892877,-7.308970099667775,-0.38860915186258493,제약,98802,27755405,46137661920
000725,현대건설우,1.4564031632488041,-4.851157662624035,-0.2766237277563743,건설,804,34753500,45510002950
357430,마스턴프리미어리츠,1.76389060575706,-11.92443919716647,-0.5857891849662282,부동산,100211,149672597,45513918044
37550L,DL이앤씨2우(전환),1.6381391696172694,-6.666666666666667,-0.23083600074691457,건설,172,3689000,44773361200
123700,SJM,1.8264728177130969,-4.0201005025125625,-0.21390563290570822,자동차부품,11421,32829440,44708032770
134790,시디즈,2.4275606403951566,-8.793456032719837,-0.36954412204310116,가구,326,7244500,44600000000
013000,세우글로벌,5.544479667516581,29.260182876142977,1.3671244137300218,판매업체,108388,162991965,44406682957
012200,계양전기,2.969824887622666,13.925822253324002,0.7412931078571589,자동차부품,1826501,3097551524,44373211270
002870,신풍,5.879339089574147,2.195121951219512,0.019580081441259355,포장재,136924,168134770,44257714200
006125,SK디스커버리우,0.9263008103774965,-1.2345679012345678,-0.011538424476755793,석유와가스,1585,50428450,43130946250
004440,삼일씨엔에스,2.2096555311656823,-4.507042253521127,-0.1786499875381525,건축자재,2065,6892005,42779341920
009460,한창제지,2.636045397399988,9.256449165402124,0.3485395117379192,포장재,37061,26438087,42721919976
025560,미래산업,5.235139419139202,-27.671232876712327,-1.445857083623436,반도체와반도체장비,250970,199254828,42393709960
020760,일진디스플,2.038920033151041,-3.5377358490566038,-0.11870032484034951,디스플레이패널,6959,5720170,42138240138
049800,우진플라임,2.429995684627896,5.276381909547738,0.35619829228278277,기계,4151,8637485,41900000000
28513K,SK케미칼우,2.6110231947155134,0.9160305343511451,0.16233203459606058,화학,601,11941200,41948957070
012160,영흥,3.302543765941251,2.763819095477387,0.1765204864076319,철강,31234,12788489,41435942148
004270,남성,2.908726956311595,0.0,0.15625788075053887,전자장비와기기,14096,15991648,41209438080
024890,대원화성,2.2824155400665367,-11.555555555555555,-0.5690988033229566,"섬유,의류,신발,호화품",12781,12760783,41207902848
005360,모나미,3.4992896161887086,3.864734299516908,0.2838290385451642,문구류,9088,19506600,40629210050
014130,한익스프레스,3.6587944533658465,1.5174506828528074,0.12403151065422549,항공화물운송과물류,6472,21605085,40260000000
143210,핸즈코퍼레이션,1.2997642338114808,-2.13903743315508,-0.15585043104767268,자동차부품,3172,5806744,40163871492
006570,대림통상,2.8507917802957765,0.19120458891013384,-0.2480111685390362,건축제품,125,322655,39889500000
012170,아센디오,6.385337134011517,-7.090464547677261,-0.2005075846108511,방송과엔터테인먼트,416575,160705682,39356405440
023150,MH에탄올,4.090771901977848,3.6821705426356592,0.2674154401644935,음료,6090,32581230,39770255140
009835,한화솔루션우,2.4246685843359934,1.8931710615280595,0.2627682139555926,에너지장비및서비스,3989,60797690,39042290840
003465,유화증권우,1.453688454012999,-1.5659955257270695,0.032915277939442066,증권,3,6600,38448135000
005030,부산주공,0.0,0.0,0.0,자동차부품,0,0,38288532168
446070,유니드비티플러스,3.4082460876710967,-3.908355795148248,-0.1083222010464231,건축자재,12737,45277080,37669813250
119650,KC코트렐,7.203091795615433,-6.825396825396825,0.7902436366699312,상업서비스와공급품,204351,121037513,37372739478
003475,유안타증권우,1.516008907333302,-2.6981450252951094,-0.015013044249283536,증권,49809,143308060,36993487380
002820,SUN&L,1.5044775101157284,14.960629921259844,0.810304648950454,종이와목재,2436,7151065,36815327880
033250,체시스,8.44724462859125,-11.86046511627907,-0.30273792509788666,자동차부품,183411,207029383,36288000000
010770,평화홀딩스,1.8653116204940792,-1.7857142857142856,-0.07331995122956961,자동차부품,4792,11875695,36344283010
069640,한세엠케이,2.316369284312226,-5.433070866141732,-0.20608605943339797,"섬유,의류,신발,호화품",1815,2166384,36218121906
011090,에넥스,8.170675810664319,31.03448275862069,1.620483540091947,가구,209708,124539581,36414926087
019175,신풍제약우,2.0328790705555075,-10.744741330301308,-0.5154948326806451,제약,555,8761040,34540000000
001140,국보,0.0,0.0,0.0,항공화물운송과물류,0,0,33456978680
37550K,DL이앤씨우,1.5984716402984984,-4.25531914893617,-0.17778752030147282,건설,845,13381100,33293688750
000215,DL우,2.08885652097449,-6.761229314420804,-0.2335145795719412,화학,130,2588460,33250187800
003535,한화투자증권우,5.342868681572533,-14.499999999999998,-0.34575742317896846,증권,6031,41233290,32832000000
024070,WISCOM,5.943939062502241,5.665024630541872,0.41189749773243456,화학,18229,38377185,32645312940
090370,메타랩스,2.634850381233273,2.0914020139426803,0.14066307859044666,상업서비스와공급품,10613,13912671,32824380102
006200,한국전자홀딩스,1.888403998971255,2.4926686217008798,0.08899875000657254,반도체와반도체장비,15766,10981524,32715392064
33637K,솔루스첨단소재1우,2.8745605788602746,-4.389027431421447,-0.15016186992028557,전자장비와기기,4192,8013274,32414104422
009140,경인전자,3.1135611888332524,0.2457002457002457,0.046104352976373164,전자제품,6787,137920200,32122798650
003680,한성기업,1.9355421102881918,6.041666666666667,0.3902923385264578,식품,53195,273030220,31358050750
000950,전방,2.123575323640873,0.10804970286331712,-0.06666464898291427,"섬유,의류,신발,호화품",361,6618030,31130400000
005320,온타이드,4.704822194751225,5.301204819277109,0.3388235350427943,"섬유,의류,신발,호화품",83454,36462469,29624340680
009310,참엔지니어링,4.550836095911468,5.438066465256798,0.37540332313019853,디스플레이장비및부품,248159,86413888,29279259555
005820,원림,1.8778244076925035,-5.939123979213066,-0.3144832880112903,포장재,248,3126780,28954422000
000760,이화산업,2.4694022223415293,-1.4605647517039921,-0.029668211511874598,화학,121,1238190,28728000000
002420,세기상사,2.133468542509847,-7.2727272727272725,-0.3731079835223072,전문소매,947,4765775,28350124800
004365,세방우,1.385297615424236,-1.0376134889753565,-0.0298847078365716,항공화물운송과물류,928,6969170,28185870000
133820,화인베스틸,2.0048510988323702,-12.822966507177034,-0.5051349691816598,철강,3874,3546857,28051767380
001070,대한방직,1.9785211356293897,-0.5617977528089888,-0.046857613699309894,"섬유,의류,신발,호화품",5210,27882640,28037000000
001420,태원물산,2.602578806935463,8.223201174743025,0.48007207268218216,자동차부품,128,470925,28006000000
019685,대교우B,2.7688747336385298,9.770992366412214,0.5683332174455189,교육서비스,7790,11011490,27936011620
001465,BYC우,0.5719342771072492,-0.9954058192955589,-0.025436094076199955,"섬유,의류,신발,호화품",250,3207800,27633895500
002070,비비안,7.0234481207066874,16.416040100250626,1.0402519919119941,"섬유,의류,신발,호화품",214675,192391740,27648822720
000040,KR모터스,3.826910409780472,6.018518518518518,0.303157642790608,자동차,25003,11438125,27600986412
071950,코아스,4.233391571962257,-12.513255567338282,-0.5152619815548443,가구,7058,58932750,27115532800
015260,에이엔피,2.875623555469175,-11.854103343465045,-0.818317346821862,전자장비와기기,14989,8766077,26167798520
002690,동일제강,2.645958939415178,-3.089675960813866,-0.09375792070004492,철강,3892,5026506,26126563320
003495,대한항공우,1.28831051993729,-7.535641547861507,-0.32176839374925,항공사,549,12509700,25381642900
084870,TBH글로벌,4.14470021978609,3.9316239316239314,0.2721923825592286,"섬유,의류,신발,호화품",12635,15212878,25361891904
007120,미래아이앤지,2.7908843646774106,-15.825242718446603,-0.7525646378011126,IT서비스,27691,23986825,24979995920
014910,성문전자,2.885443123393548,-3.375912408759124,-0.14653406453972567,전기제품,31898,33724826,23584034250
010400,우진아이엔에스,4.611638568998806,6.996587030716723,0.5432116401195529,건설,2612,8475765,23856860000
005110,한창,0.0,0.0,0.0,상업서비스와공급품,0,0,23332434378
33626L,두산퓨얼셀2우B,2.4846043600815384,-2.86425902864259,-0.09687739924069796,전기제품,214,1682800,23263277000
030720,동원수산,3.1849293837495014,0.6036217303822937,0.04749695328073393,식품,1353,6746015,23362101100
008775,호텔신라우,1.8481706788196577,-9.580838323353294,-0.4631161437858,백화점과일반상점,3084,93538900,22744339750
010420,한솔PNS,2.9927278588435082,-10.679611650485436,-0.8114807742653266,종이와목재,12418,13771837,22624285248
108675,LX하우시스우,1.4612752968376128,-5.429864253393665,-0.3134209032721013,건축자재,286,5982550,21575697000
152550,한국ANKOR유전,10.907618892484415,-10.787172011661808,0.005897877485069869,기타,435272,133466547,21426120000
00499K,롯데지주우,1.2804713006824189,-6.093189964157706,-0.3149902906323526,복합기업,122,3216550,21267919200
025890,한국주강,3.479249491665347,-8.01955990220049,-0.3718412986481462,철강,8423,15769163,21261406920
001685,대상우,3.4051640477032517,-7.142857142857142,-0.28165058342564775,식품,2743,42352960,21238456500
084670,동양고속,1.7089284826374893,-5.526992287917738,-0.24413917967044058,도로와철도운송,883,6482130,21079742320
088790,진도,2.052897891006192,-8.190370780298837,-0.33104620976474375,"섬유,의류,신발,호화품",10774,17853042,20650807296
044380,주연테크,2.680337884426018,-2.8301886792452833,-0.12478088813349389,컴퓨터와주변기기,47340,14608154,20385982564
45014K,코오롱모빌리티그룹우,14.507174887007192,166.34615384615387,5.8519028532409925,자동차,285479,2373775710,20410357200
005257,녹십자홀딩스2우,3.6353671923925903,-8.221797323135755,0.03172304305958775,제약,110,2590000,20303760000
009440,KC그린홀딩스,7.219693360409682,-29.901960784313726,-0.8762063907461201,상업서비스와공급품,33866,29033723,19609261696
204210,스타에스엠리츠,5.011894856842557,-18.28665568369028,-0.7319664313467007,부동산,43165,106732740,19410501200
002355,넥센타이어1우B,1.8394677274985392,-5.4635761589403975,-0.23956184496727873,자동차부품,2993,8546220,18557500000
000087,하이트진로2우B,1.3209263193348988,-3.128834355828221,-0.1442144536787832,음료,1892,29870540,17844879020
025620,제이준코스메틱,2.8568970597883934,-12.072892938496583,-0.6532274217816981,화장품,2918,11269955,17333929790
001770,SHD,2.025252254524208,-4.259634888438134,-0.1706641880031084,철강,399,5562770,16935399320
35320K,대덕전자1우,2.9342039799876343,-3.1553398058252426,-0.03368841987514355,전자장비와기기,56,447450,16722241620
000075,삼양홀딩스우,2.0882756336660515,-2.793296089385475,-0.18528435187394607,화학,372,19427000,15871827600
084695,대상홀딩스우,10.420315691654817,2.2530329289428077,0.6874087238664763,식품,15655,262260540,16168631400
33637L,솔루스첨단소재2우B,3.053209368948048,-11.860718171926006,-0.4906417577584904,전자장비와기기,639,2564925,15302098800
001795,대한제당우,1.4874968416809398,0.21505376344086022,0.053667150678729514,식품,1414,3306955,15137244600
007815,코리아써우,2.273888667025806,-0.1976284584980237,0.024626009645843917,전자장비와기기,409,2064060,14912390700
140910,에이리츠,0.0,0.0,0.0,부동산,0,0,13969290160
004255,NPC우,1.4744298930271826,1.949317738791423,0.02953989964586181,포장재,807,2111610,13807200000
004105,태양금속우,10.789715184609143,3.5670356703567037,0.7895183674804096,자동차부품,16720,69970170,13893000000
008500,일정실업,2.8000138453555494,0.9066183136899365,0.09215115940159,자동차부품,6698,73522880,13392000000
002025,코오롱우,3.8877384782278814,-0.564516129032258,0.07916409023566824,복합기업,4121,50985790,13347236000
004835,덕성우,9.615310991966405,8.314350797266515,0.8438730203057758,"섬유,의류,신발,호화품",12347,115946020,13265760000
001067,JW중외제약2우B,1.466321108681359,-1.6233766233766231,-0.05507070222217525,제약,1,60600,12724363800
18064K,한진칼우,1.3577290393326809,-3.112033195020747,-0.05503332155865237,항공사,5,117500,12533486100
003075,코오롱글로벌우,9.814927507826845,-6.924408540103865,0.08993702802898955,건설,4695,75525510,11948087810
38380K,LX홀딩스1우,1.3308237927699487,-4.659498207885305,-0.07239328216211152,복합기업,145,1158520,11692974300
168490,한국패러랠,3.978344319048574,-15.384615384615385,-0.8144153187364056,기타,3856735,558962827,11442860000
005725,넥센우,1.0015513659272874,-0.8064516129032258,0.045580110432947296,자동차부품,4,12250,11071845000
145995,삼양사우,1.0851297036835885,-4.487179487179487,-0.17540112228519422,식품,14,419550,11028086000
006345,대원전선우,13.408665658408852,35.66775244299674,2.477463509516089,전기장비,255724,1040657930,10825556000
000225,유유제약1우,8.495143695709197,-25.86490939044481,0.13216238183253692,제약,3023,13551795,10201185000
001065,JW중외제약우,2.241451114651862,2.2452504317789295,0.12646820336094153,제약,1,29600,10121749600
00806K,대덕1우,1.7921614809067854,1.3986013986013985,0.18373854330769107,전자장비와기기,975,7032590,8789588250
004985,성신양회우,2.415884071927289,-3.9180765805877114,-0.05918406541071843,건축자재,1830,19643570,7937609550
000885,한화우,0.7760421546944924,-2.219482120838471,-0.15830670178390738,복합기업,0,0,7891658450
26490K,크라운제과우,1.4083251565168233,0.10141987829614604,0.02457949360631484,식품,225,2232600,7635037200
000325,노루홀딩스우,3.931482567958352,4.642857142857143,0.43686393225428943,건축자재,914,26305950,7136278700
001755,한양증권우,2.391172727798587,-1.398086828550405,0.15210077329325944,증권,609,8106300,7056000000
001515,SK증권우,2.3542685646674215,-2.801120448179272,0.2080409269483397,증권,7023,11933027,6788211790
45226K,한화갤러리아우,2.338258391908038,-3.862660944206009,-0.1497162952780934,백화점과일반상점,1167,2608350,6506012800
090355,노루페인트우,2.211693853875438,4.688763136620857,0.22061817000070477,건축자재,26,335750,5997481700
000545,흥국화재우,8.189781977596226,50.74626865671642,2.578382816731389,손해보험,52654,376766000,5429760000
014825,동원시스템즈우,1.557146860405824,-12.03579418344519,-0.5376752662607992,포장재,29,572970,5192422260
000145,하이트진로홀딩스우,0.8529612129973096,-3.2513181019332165,-0.16606427790585299,음료,133,1467130,5183618100
36328K,티와이홀딩스우,7.9267175289706495,-6.192660550458716,-0.10448165107611271,"호텔,레스토랑,레저",2266,9306725,5083927260
008355,남선알미우,9.331480636613675,-4.2377869334902885,0.33017365442126817,비철금속,4091,66555480,5009370300
005965,동부건설우,5.432892787101355,-8.297872340425531,-0.8111694582386588,건설,1029,22193800,4864524600
005745,크라운해태홀딩스우,1.4688396785338436,2.7237354085603114,0.19032494688241916,식품,410,3255390,4757749920
007575,일양약품우,1.6953940219934114,-2.2813688212927756,-0.0635146463865022,제약,489,5008260,4575422400
011155,CJ씨푸드1우,13.164210728793687,33.2094175960347,2.1576319365933356,식품,16559,371025150,4300000000
004545,깨끗한나라우,7.40818285643585,4.074702886247878,0.4361052181298929,종이와목재,32,391030,4489121600
012205,계양전기우,3.7978157659388923,4.213483146067416,0.27536095794373106,자동차부품,2936,11049120,4337283090
00781K,코리아써키트2우B,3.5616915780393685,-4.283054003724395,0.04349104883045511,전자장비와기기,258,1328460,4028212860
014285,금강공업우,2.4111120136751536,2.1212121212121215,0.20916848328490606,건축제품,65,437980,3975757500
002995,금호건설우,12.145982585046516,-28.213333333333335,-0.6548052270677888,건설,2314,31458120,3933900360
000227,유유제약2우B,7.665945238668882,-20.546810273405136,0.4049550241382452,제약,1024,9773970,3122120400
002785,진흥기업우B,6.057464741768864,15.181518151815181,0.8988734802137831,건설,1983,6978485,2991690820
002787,진흥기업2우B,4.093233153221254,-6.165703275529865,0.25631730887604764,건설,912,8900860,2871429920
009415,태영건설우,3.2497101199930643,-16.116504854368934,-0.8718487112742531,건설,635,2781175,2807887680
014915,성문전자우,5.900458690877838,5.317919075144509,0.29328440969893405,전기제품,129,587595,2733000000
001527,동양2우B,4.977132311322121,2.1176470588235294,0.4644332613694512,건축자재,1927,16726450,2678378920
004415,서울식품우,2.006812791235417,3.4482758620689653,0.141382698617048,식품,708,856600,2669400000
001525,동양우,4.730844290252579,1.2971698113207548,0.32579480575871,건축자재,364,1561790,2653154645
